community_id,size,top_cross_community_bridge,top3_by_global_bw,top3_by_local_bw,avg_global_bw,max_global_bw,max_local_bw,case_nodes
0,10922,"Kesavananda Bharati Sripadagalvaru ... vs State Of Kerala And Anr on 24 April, 1973","Kesavananda Bharati Sripadagalvaru ... vs State Of Kerala And Anr on 24 April, 1973 | Delhi_Transport_Corporation_vs_D_T_C_Mazdoor_Congress_on_4_September_1990 | Unni_Krishnan_J_P_And_Ors_Etc_Etc_vs_State_Of_Andhra_Pradesh_And_Ors_Etc_Etc_on_4_February_1993","Kesavananda Bharati Sripadagalvaru ... vs State Of Kerala And Anr on 24 April, 1973 | Charan_Lal_Sahu_Etc_Etc_vs_Union_Of_India_And_Ors_on_22_December_1989 | Tata Cellular  v.  Union  of
India6",1.3126e-06,0.0016096401,0.0024589104,1063
2,7913,Kapila Hingorani vs State Of Bihar,"Kapila Hingorani vs State Of Bihar | Bhanu Kumar Jain vs Archana Kumar & Anr | Canara Bank vs Nuclear Power Corporation Of India Ltd. ... on 6 March, 1995","Anuj Jain Interim Resolution ... vs Axis Bank Limited | Allahabad Bank vs Canara Bank & Another on 10 April, 2000 | M/S.Purbanchal Cables & Conductors ... vs Assam State Electricity Board & Anr",1.389e-07,0.0001635851,0.0004334682,1097
4,7289,A_R_Antulay_vs_R_S_Nayak_Anr_on_29_April_1988,A_R_Antulay_vs_R_S_Nayak_Anr_on_29_April_1988 | Kartar_Singh_vs_State_Of_Punjab_on_11_March_1994 | Bachan_Singh_Etc_Etc_vs_State_Of_Punjab_Etc_Etc_on_16_August_1982,"Aloke Nath Dutta & Ors vs State Of West Bengal | Kartar_Singh_vs_State_Of_Punjab_on_11_March_1994 | State Of Maharashtra vs Bharat Chaganlal Raghani & Ors on 11 July, 2001",3.437e-07,0.0003941886,0.0024374571,988
33,4259,Bishna @ Bhiswadeb Mahato & Ors vs State Of West Bengal,Bishna @ Bhiswadeb Mahato & Ors vs State Of West Bengal | State (N.C.T. Of Delhi) vs Navjot Sandhu@ Afsan Guru | Bhanwar Singh & Ors vs State Of M.P,State (N.C.T. Of Delhi) vs Navjot Sandhu@ Afsan Guru | Bhanwar Singh & Ors vs State Of M.P | Bishna @ Bhiswadeb Mahato & Ors vs State Of West Bengal,1.113e-07,0.0001554178,0.0003699789,41
5,4132,Union of India v. Raghubir Singh,Union of India v. Raghubir Singh | Murari_Ors_vs_Union_Of_India_Ors_on_1_November_1996 | Indian Kanoon - Search engine for Indian Law,"Hindustan Petroleum Corpn. Ltd vs Darius Shapur Chenai & Ors | Govt. Of Nct Of Delhi Thr Secretary, Land ... vs M/S. K.L. Rathi Steels Ltd. . | Devinder Singh & Others vs State Of Punjab & Others",6.596e-07,0.0006641851,0.0013833593,597
90,3613,Indian Kanoon - Search engine for Indian Law,Indian Kanoon - Search engine for Indian Law | Indian Kanoon - Search engine for Indian Law | The Oriental Insurance Company Limited vs Meena Variyal & Ors,Indian Kanoon - Search engine for Indian Law | Indian Kanoon - Search engine for Indian Law | The Oriental Insurance Company Limited vs Meena Variyal & Ors,1.99e-07,0.0001665279,0.002081141,77
125,2850,Indian Kanoon - Search engine for Indian Law,"Indian Kanoon - Search engine for Indian Law | State, Cbi vs Sashi Balasubramanian & Anr | Indian Kanoon - Search engine for Indian Law",Indian Kanoon - Search engine for Indian Law | Gorige Pentaiah vs State Of A.P. & Ors | Indian Kanoon - Search engine for Indian Law,4.14e-08,2.70544e-05,0.0002703652,18
43,2815,Indian Kanoon - Search engine for Indian Law,Indian Kanoon - Search engine for Indian Law | Saroop Singh vs Banto & Ors | Binapani_Paul_vs_Pratima_Ghosh_Ors_on_27_April_2007,P.T. Munichikkanna Reddy & Ors vs Revamma And Ors | L.I.C. Of India vs Anuradha | Md. Mohammad Ali (Dead) By Lrs vs Sri Jagadish Kalita & Ors,6.37e-08,8.53636e-05,0.0007220938,45
129,2745,Indian Kanoon - Search engine for Indian Law,"Indian Kanoon - Search engine for Indian Law | Institute Of Chartered Accountants vs L.K. Ratna & Others on 21 October, 1986 | U.P. State Brassware Corpn. Ltd. & Anr vs Udai Narain Pandey",Hombe Gowda Edn. Trust & Anr vs State Of Karnataka & Ors | Indian Kanoon - Search engine for Indian Law | Indian Kanoon - Search engine for Indian Law,5.21e-08,9.0266e-05,0.0003398326,38
11,2614,Anil Kak vs Kumari Sharada Raje & Ors,Anil Kak vs Kumari Sharada Raje & Ors | Shakuntla Devi vs Kamla & Ors | Balai_Chandra_Hazra_vs_Shewdhari_Jadav_on_21_February_1978,Indian Kanoon - Search engine for Indian Law | Bharpur Singh & Ors vs Shamsher Singh | Anil Kak vs Kumari Sharada Raje & Ors,1.708e-07,0.0002472578,0.0024269398,194
94,2411,State_Of_West_Bengal_vs_Kesoram_Industries_Ltd_And_Ors_on_15_January_2004,State_Of_West_Bengal_vs_Kesoram_Industries_Ltd_And_Ors_on_15_January_2004 | Indian Kanoon - Search engine for Indian Law | I_T_C_Limited_vs_Agricultural_Produce_Market_Committee_on_24_January_2002,State_Of_West_Bengal_vs_Kesoram_Industries_Ltd_And_Ors_on_15_January_2004 | Indian Kanoon - Search engine for Indian Law | Gujarat Ambuja Cements Ltd.& Anr vs Union Of India & Anr,4.341e-07,0.0003974276,0.0040815691,30
82,2359,Indian Kanoon - Search engine for Indian Law,Indian Kanoon - Search engine for Indian Law | Indian Kanoon - Search engine for Indian Law | Indian Kanoon - Search engine for Indian Law,"Delhi Development Authority vs M/S. R.S. Sharma & Co., New Delhi | Indian Kanoon - Search engine for Indian Law | Indian Kanoon - Search engine for Indian Law",7.8e-08,6.10838e-05,0.0007127705,27
136,2343,Indian Kanoon - Search engine for Indian Law,"Indian Kanoon - Search engine for Indian Law | Indian Kanoon - Search engine for Indian Law | Intellectuals Forum, Tirupathi vs State Of A.P. & Ors","Bar Council Of India vs High Court Of Kerala | Intellectuals Forum, Tirupathi vs State Of A.P. & Ors | Karnataka Industrial Areas ... vs Sri C. Kenchappa & Ors",1.657e-07,8.0225e-05,0.0002434857,25
15,2284,"Turner Morrison And Co., Ltd vs Hungerford Investment Trust Ltd on 9 March, 1972","Turner Morrison And Co., Ltd vs Hungerford Investment Trust Ltd on 9 March, 1972 | C.B. Gautam vs Union Of India & Ors on 17 November, 1992 | Escorts_Limited_And_Anr_Etc_Etc_vs_Union_Of_India_And_Ors_on_22_October_1992","Vodafone International Holdings B.V vs Union Of India & Anr on 20 January, 2012 | Indian Kanoon - Search engine for Indian Law | Indian Kanoon - Search engine for Indian Law",3.75e-08,1.93513e-05,0.0002388256,231
89,2259,Bombay_Dyeing_Mfg_Co_Ltd_vs_Bombay_Environmental_Action_Group_Ors_on_7_March_2006,Bombay_Dyeing_Mfg_Co_Ltd_vs_Bombay_Environmental_Action_Group_Ors_on_7_March_2006 | Indian Kanoon - Search engine for Indian Law | Indian Kanoon - Search engine for Indian Law,Bombay_Dyeing_Mfg_Co_Ltd_vs_Bombay_Environmental_Action_Group_Ors_on_7_March_2006 | Vasu_Dev_Singh_Ors_vs_Union_Of_India_Ors_on_7_November_2006 | Indian Kanoon - Search engine for Indian Law,6.465e-07,0.0005928641,0.0008340718,26
8,2251,"State Of Punjab (Now Haryana) And, Ors vs Amar Singh And Another on 21 January, 1974","State Of Punjab (Now Haryana) And, Ors vs Amar Singh And Another on 21 January, 1974 | Anant Mills Co. Ltd vs State Of Gujarat & Ors on 21 January, 1975 | Nagindas Ramdas vs Dalpatram Ichharam @ Brijram And Ors on 30 November, 1973","Municipal_Corporation_Of_Greater_vs_Kamla_Mills_Ltd_on_11_July_2003 | Asstt. Gen. Manager Central Bank Of ... vs Commissioner Municipal Corporation ... on 9 May, 1995 | Indian Kanoon - Search engine for Indian Law",1.54e-07,0.0001042392,0.0028101378,321
121,2117,Swamy_Atmananda_Ors_vs_Sri_Ramakrishna_Tapovanam_Ors_on_13_April_2005,Swamy_Atmananda_Ors_vs_Sri_Ramakrishna_Tapovanam_Ors_on_13_April_2005 | Indian Kanoon - Search engine for Indian Law | Indian Kanoon - Search engine for Indian Law,Indian Kanoon - Search engine for Indian Law | Indian Kanoon - Search engine for Indian Law | Prem Lala Nahata & Anr. v. Chandi Prasad Sikaria,1.08e-07,0.0001378542,0.0008345154,25
148,2102,Indian Kanoon - Search engine for Indian Law,Indian Kanoon - Search engine for Indian Law | Sumtibai & Others vs Paras Finance Co. Mankanwar W/O ... | Indian Kanoon - Search engine for Indian Law,Indian Kanoon - Search engine for Indian Law | Manjunath Anandappa Urf. Shivappa ... vs Tammanasa & Ors | Indian Kanoon - Search engine for Indian Law,1.032e-07,9.28426e-05,0.0004309524,29
107,2093,Ashok Leland Ltd vs State Of Tamil Nadu And Anr,Ashok Leland Ltd vs State Of Tamil Nadu And Anr | Guruvayur_Devaswom_Managing_Commit_vs_C_K_Rajan_Others_on_14_August_2003 | Jai_Narain_Parasurampuria_Dead_Ors_vs_Pushpa_Devi_Saraf_Ors_on_24_August_2006,Jai_Narain_Parasurampuria_Dead_Ors_vs_Pushpa_Devi_Saraf_Ors_on_24_August_2006 | Arunima Baruah vs Union Of India & Ors | Indian Kanoon - Search engine for Indian Law,8.528e-07,0.0007425207,0.0008512673,31
61,2045,Indian Kanoon - Search engine for Indian Law,Indian Kanoon - Search engine for Indian Law | Indian Kanoon - Search engine for Indian Law | Indian Kanoon - Search engine for Indian Law,Indian Kanoon - Search engine for Indian Law | Indian Kanoon - Search engine for Indian Law | Indian Kanoon - Search engine for Indian Law,2.1e-09,2.7816e-06,0.0003597651,24
131,1986,Indian Kanoon - Search engine for Indian Law,Indian Kanoon - Search engine for Indian Law | Indian Kanoon - Search engine for Indian Law | Nasiruddin And Ors vs Sita Ram Agarwal,Nasiruddin And Ors vs Sita Ram Agarwal | State_Of_Jharkhand_And_Anr_vs_Govind_Singh_on_3_December_2004 | Atma_Ram_vs_Shakuntala_Rani_on_30_August_2005,1.76e-07,0.0001533083,0.0002735451,21
119,1856,Indian Kanoon - Search engine for Indian Law,"Indian Kanoon - Search engine for Indian Law | Indian Kanoon - Search engine for Indian Law | Heeralal vs Kalyan Mal & Ors on 19 November, 1997",Kailash vs Nanhku & Ors | Gautam Sarup vs Leela Jetly And Ors | Bollepanda P. Poonacha & Anr vs K.M. Madapa,9.4e-09,1.3064e-05,0.0005124056,23
103,1817,Indian Kanoon - Search engine for Indian Law,Indian Kanoon - Search engine for Indian Law | State Of U.P. And Anr vs Johri Mal | State Of Karnataka & Anr vs All India Manufacturers Organization & ...,Indian Kanoon - Search engine for Indian Law | State Of U.P. And Anr vs Johri Mal | Indian Kanoon - Search engine for Indian Law,8.935e-07,0.0011188753,0.0009366391,27
49,1675,Devasahayam (D) By Lrs vs P. Savithramma & Ors,Devasahayam (D) By Lrs vs P. Savithramma & Ors | Indian Kanoon - Search engine for Indian Law | Nalakath_Sainuddin_vs_Koorikadan_Sulaiman_on_8_July_2002,Indian Kanoon - Search engine for Indian Law | Pramod Kumar Jaiswal And Others vs Bibi Husn Bano & Ors | M/S.Sait Nagjee Purushotham & Co.Ltd vs Vimalabai Prabhulal & Ors,6.11e-08,7.91741e-05,0.0007471608,21
124,1579,Bharat Petroleum Corpn. Ltd vs Maddula Ratnavalli & Ors,Bharat Petroleum Corpn. Ltd vs Maddula Ratnavalli & Ors | New India Assurance Company Ltd vs Nusli Neville Wadia And Another | Indian Kanoon - Search engine for Indian Law,K_H_Siraj_vs_High_Court_Of_Kerala_Ors_on_23_May_2006 | Indian Kanoon - Search engine for Indian Law | New India Assurance Company Ltd vs Nusli Neville Wadia And Another,1.795e-07,0.0001547562,0.0009828789,18
3,1463,Kerala_State_Electricity_Board_Etc_vs_S_N_Govinda_Prabhu_Brothers_And_on_26_August_1986,"Kerala_State_Electricity_Board_Etc_vs_S_N_Govinda_Prabhu_Brothers_And_on_26_August_1986 | Graphite India Ltd. And Another vs Durgapur Projects Ltd. And Others on 27 August, 1999 | M.V. Elisabeth And Ors vs Harwan Investment And Trading Pvt. ... on 26 February, 1992","Ghaziabad_Zila_Sahkari_Bank_Ltd_vs_Addl_Labour_Commissioner_Ors_on_17_January_2007 | Ptc India Ltd vs Central Electricity Reg. Comm. ... on 15 March, 2010 | Competition_Commission_Of_India_vs_Steel_Authority_Of_India_Anr_on_9_September_2010",7.87e-08,5.83033e-05,0.0009787817,90
92,1399,Steel Authority Of India Ltd vs Union Of India & Ors,Steel Authority Of India Ltd vs Union Of India & Ors | Indian Kanoon - Search engine for Indian Law | Indian Kanoon - Search engine for Indian Law,Indian Kanoon - Search engine for Indian Law | The_Roman_Catholic_Mission_vs_State_Of_Madras_And_Another_on_14_January_1966 | Indian Kanoon - Search engine for Indian Law,1.328e-07,0.0001170203,0.0019971367,10
67,1398,M_S_Motilal_Padampat_Sugar_Mills_Co_vs_State_Of_Uttar_Pradesh_And_Ors_on_12_December_1978,M_S_Motilal_Padampat_Sugar_Mills_Co_vs_State_Of_Uttar_Pradesh_And_Ors_on_12_December_1978 | Union_Of_India_Ors_vs_Godfrey_Philips_India_Ltd_Etc_Etc_on_30_September_1985 | Godawat Pan Masala Products I.P. Ltd. & ... vs Union Of India & Ors,Indian Kanoon - Search engine for Indian Law | Southern_Petrochemical_Industries_Co_vs_Electricity_Inspector_And_E_T_I_O_on_15_May_2007 | Indian Kanoon - Search engine for Indian Law,1.552e-07,7.7062e-05,0.004142192,85
115,1379,"Trust Vs. 

State of Haryana & Ors.","Trust Vs. 

State of Haryana & Ors. | State Of Maharashtra & Anr vs B.E. Billimora And Ors | Collector Of Central Excise, Ahmedabad vs Orient Fabrics Pvt. Ltd",Indian Kanoon - Search engine for Indian Law | Indian Kanoon - Search engine for Indian Law | Indian Kanoon - Search engine for Indian Law,2.014e-07,0.0001322426,0.0003231663,18
37,1379,State_Of_Punjab_And_Anr_vs_Devans_Modern_Brewaries_Ltd_And_Anr_on_20_November_2003,State_Of_Punjab_And_Anr_vs_Devans_Modern_Brewaries_Ltd_And_Anr_on_20_November_2003 | Indian Kanoon - Search engine for Indian Law | State Of West Bengal And Ors vs Sujit Kumar Rana,State_Of_Punjab_And_Anr_vs_Devans_Modern_Brewaries_Ltd_And_Anr_on_20_November_2003 | A_Venkata_Subba_Rao_vs_State_Of_Andhra_Pradesh_With_Connected_on_14_December_1964 | Indian Kanoon - Search engine for Indian Law,3.232e-07,0.000182968,0.0058896151,18
80,1363,Indian Kanoon - Search engine for Indian Law,Indian Kanoon - Search engine for Indian Law | Islamic Academy Of Education And ... vs State Of Karnataka And Others | Indian Kanoon - Search engine for Indian Law,"Indian Kanoon - Search engine for Indian Law | Usman Gani J. Khatri Of Bombay Etc. Etc vs Cantonment Board And Ors. Etc. Etc on 1 May, 1992 | Kuldeep Singh vs Govt. Of Nct Of Delhi",3.432e-07,0.0002266328,0.0029831007,15
23,1358,Indian Kanoon - Search engine for Indian Law,Indian Kanoon - Search engine for Indian Law | Indian Kanoon - Search engine for Indian Law | Padma Vs. Hiralal Motilal Desarda and Others,Indian Kanoon - Search engine for Indian Law | Indian Kanoon - Search engine for Indian Law | Indian Kanoon - Search engine for Indian Law,2.005e-07,0.0002553178,0.000409292,18
6,1341,"Vellore Citizens Welfare Forum vs Union Of India & Ors on 28 August, 1996","Vellore Citizens Welfare Forum vs Union Of India & Ors on 28 August, 1996 | Premium_Granites_vs_State_Of_T_N_on_4_February_1994 | M.I. Builders Pvt. Ltd vs Radhey Shyam Sahu And Others on 26 July, 1999","Indian Kanoon - Search engine for Indian Law | Maharaja Chintamani Saran Nath Sahdeo vs State Of Bihar And Ors on 7 October, 1999 | Narmada Bachao Andolan Vs.

      Union  of India",7.283e-07,0.0001639185,0.0005974608,150
7,1300,Vedica Procon Private Limited vs Balleshwar Greens Private Limited And ...,"Vedica Procon Private Limited vs Balleshwar Greens Private Limited And ... | Fcs Software Solutions Ltd vs La Medical Devices Ltd. & Ors | Katikara Chintamani Dora & Ors vs Guntreddi Annamnaidu & Ors on 11 December, 1973",Kuldip_Chand_Anr_vs_Advocate_General_To_Government_Of_on_14_February_2003 | Radhakanta_Deb_Anr_vs_Commissioner_Of_Hindu_Religious_on_13_February_1981 | i) State of Andhra Pradesh v. A.P. Wakf Board,1.39e-08,4.5293e-06,0.0018721109,91
27,1277,Tata_Consultancy_Services_vs_State_Of_Andhra_Pradesh_on_5_November_2004,Tata_Consultancy_Services_vs_State_Of_Andhra_Pradesh_on_5_November_2004 | Bharat Sanchar Nigam Ltd. & Anr vs Union Of India & Ors | State_Of_A_P_vs_National_Thermal_Power_Corpn_Ltd_Ors_on_22_April_2002,Bharat Sanchar Nigam Ltd. & Anr vs Union Of India & Ors | Tata_Consultancy_Services_vs_State_Of_Andhra_Pradesh_on_5_November_2004 | Imagic Creative Pvt. Ltd vs Commissioner Of Commercial Taxes & Ors,1.935e-07,0.0001130246,0.0036003922,12
118,1126,"State of Karnataka vs. Vishwabharathi House Building 
Coop. Society and others","State of Karnataka vs. Vishwabharathi House Building 
Coop. Society and others | Indian Kanoon - Search engine for Indian Law | Kishore Lal vs Chairman, Employees State Insurance ...","Indian Kanoon - Search engine for Indian Law | Poonam Verma vs Ashwin Patel & Ors on 10 May, 1996 | Indian Kanoon - Search engine for Indian Law",3.532e-07,0.000211066,0.0057295374,10
138,1122,Indian Kanoon - Search engine for Indian Law,Indian Kanoon - Search engine for Indian Law | Indian Kanoon - Search engine for Indian Law | Carona Ltd vs M/S Parvathy Swaminathan & Sons,Indian Kanoon - Search engine for Indian Law | Indian Kanoon - Search engine for Indian Law | Indian Kanoon - Search engine for Indian Law,3.591e-07,0.0001794151,0.0015,9
139,1079,Secretary v.   Bipin Kumar and Anr.,"Secretary v.   Bipin Kumar and Anr. | Indian Kanoon - Search engine for Indian Law | R. Sai Bharathi Vs. J. Jayalalitha & 
Ors. [JT",Indian Kanoon - Search engine for Indian Law | Lucknow Development Authority vs Krishna Gopal Lahoti And Ors | Deputy_Director_Land_Acquisition_vs_Malla_Atchinaidu_And_Ors_on_12_December_2006,1.6e-09,7.334e-07,0.0012534819,14
123,1062,Ekta Shakti Foundation vs Govt. Of Nct Of Delhi,Ekta Shakti Foundation vs Govt. Of Nct Of Delhi | K.K. Bhalla vs State Of M.P. & Ors | Indian Kanoon - Search engine for Indian Law,T.Lakshmipathi & Ors vs P.Nithyananda Reddy & Ors | Indian Kanoon - Search engine for Indian Law | Indian Kanoon - Search engine for Indian Law,2.06e-07,5.48835e-05,0.0008773585,17
13,1059,Zee Telefilms Ltd. & Anr vs Union Of India & Ors,Zee Telefilms Ltd. & Anr vs Union Of India & Ors | Pradeep_Kumar_Biswas_vs_Indian_Institute_Of_Chemical_Biology_on_16_April_2002 | Greater Bombay Co-Op. Bank Ltd vs M/S United Yarn Tex. Pvt. Ltd. & Ors,Zee Telefilms Ltd. & Anr vs Union Of India & Ors | Pradeep_Kumar_Biswas_vs_Indian_Institute_Of_Chemical_Biology_on_16_April_2002 | Indian Kanoon - Search engine for Indian Law,4.941e-07,0.0002109248,0.0040807316,14
133,1057,Indian Kanoon - Search engine for Indian Law,Indian Kanoon - Search engine for Indian Law | Indian Kanoon - Search engine for Indian Law | M.C. Mehta vs Union Of India & Ors,S.N. Chandrashekar And Anr vs State Of Karnataka And Ors | Indian Kanoon - Search engine for Indian Law | M.C. Mehta vs Union Of India & Ors,2.114e-07,0.000128597,0.0008625592,7
18,1012,Indian Kanoon - Search engine for Indian Law,Indian Kanoon - Search engine for Indian Law | M.P. Vidyut Karamchari Sangh vs M.P. Electricity Board | Rameshwar_Prasad_Ors_vs_Union_Of_India_Anr_on_24_January_2006,Indian Kanoon - Search engine for Indian Law | Indian Kanoon - Search engine for Indian Law | M/S Maruti Udyog Ltd vs Ram Lal & Ors,2.659e-07,7.18563e-05,0.0061485149,17
134,992,South_Eastern_Coalfields_Ltd_vs_State_Of_M_P_And_Ors_on_13_October_2003,South_Eastern_Coalfields_Ltd_vs_State_Of_M_P_And_Ors_on_13_October_2003 | Indian Kanoon - Search engine for Indian Law | Indian Kanoon - Search engine for Indian Law,Indian Kanoon - Search engine for Indian Law | South_Eastern_Coalfields_Ltd_vs_State_Of_M_P_And_Ors_on_13_October_2003 | Indian Kanoon - Search engine for Indian Law,2.24e-08,1.30481e-05,0.0019897467,9
75,950,Canara Bank vs V.K. Awasthy,"Canara Bank vs V.K. Awasthy | Indian Kanoon - Search engine for Indian Law | State Of Himachal Pradesh vs Raja Mahendra Pal & Ors on 31 March, 1999","Indian Kanoon - Search engine for Indian Law | Indian Kanoon - Search engine for Indian Law | State Of Himachal Pradesh vs Raja Mahendra Pal & Ors on 31 March, 1999",9.51e-08,8.83939e-05,0.0017721519,11
70,904,Indian Kanoon - Search engine for Indian Law,"Indian Kanoon - Search engine for Indian Law | Whirlpool Corporation vs Registrar Of Trade Marks, Mumbai & Ors on 26 October, 1998 | Indian Kanoon - Search engine for Indian Law","Indian Kanoon - Search engine for Indian Law | M/S S.M. Dyechem Ltd vs M/S Cadbury (India) Ltd on 9 May, 2000 | National Bell Co. & Anr vs Metal Goods Mfg. Co. (P) Ltd. & Anr on 18 March, 1970",1.349e-07,8.73139e-05,0.0226053215,25
153,885,Indian Kanoon - Search engine for Indian Law,"Indian Kanoon - Search engine for Indian Law | Indian Kanoon - Search engine for Indian Law | The Special Director, Direcrorate Of ... vs Fraiser Castellino",Indian Kanoon - Search engine for Indian Law | Indian Kanoon - Search engine for Indian Law | Indian Kanoon - Search engine for Indian Law,7.86e-08,6.22476e-05,0.0042695357,7
16,853,Indian Kanoon - Search engine for Indian Law,Indian Kanoon - Search engine for Indian Law | Indian Kanoon - Search engine for Indian Law | Indian Kanoon - Search engine for Indian Law,"State_Of_H_P_And_Ors_vs_Gujarat_Ambuja_Cement_Ltd_And_Anr_on_18_July_2005 | Indian Kanoon - Search engine for Indian Law | L.L. Sudhakar Reddy And Ors vs State Of A.P. And Ors on 9 August, 2001",1.214e-07,3.84229e-05,0.0101057579,15
102,849,Sarabjit_Rick_Singh_vs_Union_Of_India_on_12_December_2007,Sarabjit_Rick_Singh_vs_Union_Of_India_on_12_December_2007 | Nair Service Society vs State Of Kerala | Deewan Singh & Ors. Ã Appellants vs Rajendra Pd. Ardevi & Ors. Ã Respondents,Sarabjit_Rick_Singh_vs_Union_Of_India_on_12_December_2007 | Indian Kanoon - Search engine for Indian Law | Indian Kanoon - Search engine for Indian Law,8.757e-07,0.0002360019,0.0010802834,13
34,849,Union Of India (Uoi) vs Pramod Gupta (D) By L.Rs. And Ors.,"Union Of India (Uoi) vs Pramod Gupta (D) By L.Rs. And Ors. | Union_Of_India_vs_Pramod_Gupta_D_By_Lrs_Ors_on_7_September_2005 | Supdt. Of Taxes, Dhubri & Ors vs Onkarmal Nathmal Trust Etc. Etc on 1 May, 1975","Union_Of_India_vs_Pramod_Gupta_D_By_Lrs_Ors_on_7_September_2005 | Union Of India (Uoi) vs Pramod Gupta (D) By L.Rs. And Ors. | Supdt. Of Taxes, Dhubri & Ors vs Onkarmal Nathmal Trust Etc. Etc on 1 May, 1975",8.624e-07,0.0004959019,0.0104840614,12
101,819,Indian Kanoon - Search engine for Indian Law,Indian Kanoon - Search engine for Indian Law | N.K. Sharma vs Abhimanyu | Indian Kanoon - Search engine for Indian Law,Indian Kanoon - Search engine for Indian Law | Indian Kanoon - Search engine for Indian Law | Indian Kanoon - Search engine for Indian Law,1.412e-07,7.73511e-05,0.0018053856,9
59,789,"Swedish Match Ab & Anr vs Securities & Exchange Board, India & Anr","Swedish Match Ab & Anr vs Securities & Exchange Board, India & Anr | Subal Paul vs Malina Paul And Anr | Indian Kanoon - Search engine for Indian Law",P.S. Sathappan (Dead) By Lrs vs Andhra Bank Ltd. & Ors | Subal Paul vs Malina Paul And Anr | Kamla Devi Ã Appellant vs Khushal Kanwar & Anr. Ã Respondents,2.59e-08,1.55102e-05,0.0037146567,13
78,783,The_State_Of_West_Bengal_vs_Kesoram_Industries_Ltd_And_Ors_on_15_January_2004,"The_State_Of_West_Bengal_vs_Kesoram_Industries_Ltd_And_Ors_on_15_January_2004 | Commissioner_Of_Taxes_Assam_Shillong_vs_Prabhat_Marketing_Co_Ltd_Gauhati_on_27_October_1966 | Airline Allied Services Ltd., New Delhi vs Assessee",J_K_Industries_Ltd_And_Anr_vs_Union_Of_India_Uoi_And_Ors_on_19_November_2007 | Indian Kanoon - Search engine for Indian Law | State_Of_Tamil_Nadu_And_Another_vs_Board_Of_Trustee_Of_The_Port_Of_Madras_on_26_March_1999,9.05e-08,7.08674e-05,0.0051134522,12
141,781,Indian Kanoon - Search engine for Indian Law,Indian Kanoon - Search engine for Indian Law | Popular Muthiah vs State Represented By Inspector Of ... | Avas Vikas Sansthan & Anr vs Avas Vikas Sansthan Engineers Assn. & ...,Indian Kanoon - Search engine for Indian Law | Popular Muthiah vs State Represented By Inspector Of ... | Avas Vikas Sansthan & Anr vs Avas Vikas Sansthan Engineers Assn. & ...,3.596e-07,0.0001590089,0.0039893354,6
149,731,Indian Kanoon - Search engine for Indian Law,Indian Kanoon - Search engine for Indian Law | Indian Kanoon - Search engine for Indian Law | Indian Kanoon - Search engine for Indian Law,Indian Kanoon - Search engine for Indian Law | Indian Kanoon - Search engine for Indian Law | Indian Kanoon - Search engine for Indian Law,1.146e-07,4.28946e-05,0.0034143225,8
63,715,M.S. Narayana Menon @ Mani vs State Of Kerala & Anr,M.S. Narayana Menon @ Mani vs State Of Kerala & Anr | Indian Kanoon - Search engine for Indian Law | Indian Kanoon - Search engine for Indian Law,M.S. Narayana Menon @ Mani vs State Of Kerala & Anr | Indian Kanoon - Search engine for Indian Law | Harbhajan_Singh_vs_State_Of_Punjab_on_2_March_1965,6.984e-07,0.0004156156,0.0056454559,6
142,697,Surya_Dev_Rai_vs_Ram_Chander_Rai_Ors_on_7_August_2003,Surya_Dev_Rai_vs_Ram_Chander_Rai_Ors_on_7_August_2003 | Indian Kanoon - Search engine for Indian Law | Indian Kanoon - Search engine for Indian Law,Surya_Dev_Rai_vs_Ram_Chander_Rai_Ors_on_7_August_2003 | Indian Kanoon - Search engine for Indian Law | Indian Kanoon - Search engine for Indian Law,9.201e-07,0.0002613533,0.0049491441,4
159,683,Kailash vs State Of M.P,Kailash vs State Of M.P | Indian Kanoon - Search engine for Indian Law | Kailash vs The State Of Madhya Pradesh,Kailash vs State Of M.P | Indian Kanoon - Search engine for Indian Law | Kailash vs The State Of Madhya Pradesh,5.96e-08,4.05058e-05,0.0013435477,4
68,659,T_Vijendradas_Another_vs_M_Subramanian_Others_on_9_October_2007,T_Vijendradas_Another_vs_M_Subramanian_Others_on_9_October_2007 | Indian Kanoon - Search engine for Indian Law | Indian Kanoon - Search engine for Indian Law,Indian Kanoon - Search engine for Indian Law | T_Vijendradas_Another_vs_M_Subramanian_Others_on_9_October_2007 | Mangru_Mahto_Ors_vs_Shri_Thakur_Taraknathji_Tarakeshwar_on_8_March_1967,6.07e-08,3.90874e-05,0.0016516079,18
143,610,Indian Kanoon - Search engine for Indian Law,Indian Kanoon - Search engine for Indian Law | Indian Kanoon - Search engine for Indian Law | Smt. Sadhna Rani vs Smt. Sheela Rani,Indian Kanoon - Search engine for Indian Law | Indian Kanoon - Search engine for Indian Law | Indian Kanoon - Search engine for Indian Law,7e-10,3.385e-07,0.0017500648,4
25,523,"Maharaj Singh vs State Of Uttar Pradesh & Others on 2 November, 1976","Maharaj Singh vs State Of Uttar Pradesh & Others on 2 November, 1976 | Budhan Singh & Anr vs Nabi Bux & Anr on 20 August, 1969 | State of Kerala and Ors. v. Philomina","U.P. State Sugar Corporation Ltd vs Dy. Director Of Consolidation & Ors. on 7 February, 2000 | Sita Ram vs Chhota Bhondey And Others on 9 October, 1990 | Asharfi Lal vs Smt. Koili (Dead) By L.Rs. on 20 April, 1995",6.987e-07,0.0002372703,0.0002573889,79
26,512,"Secretary, Government Of Madras, ... vs Zenith Lamp & Electrical Ltd on 10 November, 1972","Secretary, Government Of Madras, ... vs Zenith Lamp & Electrical Ltd on 10 November, 1972 | Bhagubhai Dhanabhai Khalasi & Anr vs The State Of Gujarat & Ors | M_P_Shreevastava_vs_Mrs_Veena_on_24_August_1966","Indian Kanoon - Search engine for Indian Law | Mannan Lal vs Mst. Chhotaka Bibi on 10 April, 1970 | Indian Kanoon - Search engine for Indian Law",2.62e-08,7.2694e-06,0.0058132842,30
71,503,Indian Kanoon - Search engine for Indian Law,"Indian Kanoon - Search engine for Indian Law | P. Ananthakrishnan Nair & Anr vs Dr. G. Ramakrishnan & Anr on 31 March, 1987 | Hindustan Petroleum Corporation Ltd. ... vs Dolly Das on 13 April, 1999","Indian Kanoon - Search engine for Indian Law | P. Ananthakrishnan Nair & Anr vs Dr. G. Ramakrishnan & Anr on 31 March, 1987 | Ramadhar_Shrivas_vs_Bhagwandas_on_27_October_2005",6.5e-09,2.0342e-06,0.0135068508,12
98,500,Glaxo_Laboratories_vs_The_Presiding_Officer_Labour_Court_on_6_October_1983,"Glaxo_Laboratories_vs_The_Presiding_Officer_Labour_Court_on_6_October_1983 | Lalla_Ram_vs_Management_Of_D_C_M_Chemical_Works_on_16_February_1978 | C.E.S.C. Ltd. Etc vs Subhash Chandra Bose And Ors on 15 November, 1991",Indian Kanoon - Search engine for Indian Law | M/S. Peacock Plywood Pvt. Ltd vs The Oriental Insurance Co. Ltd | Indian Kanoon - Search engine for Indian Law,2.439e-07,4.76893e-05,0.0015855003,25
132,499,Ghurey_Lal_vs_State_Of_U_P_on_30_July_2008,Ghurey_Lal_vs_State_Of_U_P_on_30_July_2008 | State vs Arjun Singh | State Of Gujarat vs Balvantsinh Amarsinh Raj,Ghurey_Lal_vs_State_Of_U_P_on_30_July_2008 | Indian Kanoon - Search engine for Indian Law | Indian Kanoon - Search engine for Indian Law,4.3e-09,2.1276e-06,0.0124845458,3
144,482,Indian Kanoon - Search engine for Indian Law,Indian Kanoon - Search engine for Indian Law | Tanna And Modi vs C.I.T. Mumbai Xxv And Ors | Indian Kanoon - Search engine for Indian Law,Indian Kanoon - Search engine for Indian Law | Indian Kanoon - Search engine for Indian Law | Tanna And Modi vs C.I.T. Mumbai Xxv And Ors,1.1363e-06,0.0002735955,0.0127100658,8
12,475,Indian Kanoon - Search engine for Indian Law,"Indian Kanoon - Search engine for Indian Law | Styabrata Biswas vs Kalyan Kumar Kisku on 27 January, 1994 | Mulraj_vs_Murti_Raghonathji_Maharaj_on_2_March_1967",Indian Kanoon - Search engine for Indian Law | Bihar Finance Service H.C. Coop. Soc. ... vs Gautam Goswami & Ors | Mulraj_vs_Murti_Raghonathji_Maharaj_on_2_March_1967,6.6e-09,1.6521e-06,0.0038269061,23
130,471,Indian Kanoon - Search engine for Indian Law,Indian Kanoon - Search engine for Indian Law | State Of Uttaranchal vs Rajesh Kumar Gupta | State vs . Rajesh@Raja,State Of Uttaranchal vs Rajesh Kumar Gupta | Indian Kanoon - Search engine for Indian Law | Indian Kanoon - Search engine for Indian Law,7.69e-08,3.61216e-05,0.0073311255,3
10,457,State Of Kerala And Anr vs Chandramohanan,State Of Kerala And Anr vs Chandramohanan | Indian Kanoon - Search engine for Indian Law | Indian Kanoon - Search engine for Indian Law,Indian Kanoon - Search engine for Indian Law | Indian Kanoon - Search engine for Indian Law | Gopal_Krishnaji_Ketkar_vs_Mahomed_Haji_Latif_Ors_on_19_April_1968,5.6e-08,1.72023e-05,0.0039618276,19
24,402,"Board Of Control For Cricket, India & Anr vs Netaji Cricket Club & Ors","Board Of Control For Cricket, India & Anr vs Netaji Cricket Club & Ors | Indian Kanoon - Search engine for Indian Law | Rosy Jacob vs Jacob A. Chakramakkal on 5 April, 1973","Indian Kanoon - Search engine for Indian Law | Rosy Jacob vs Jacob A. Chakramakkal on 5 April, 1973 | Tejaswini Gaud vs Shekhar Jagdish Prasad Tewari",1e-08,2.891e-06,0.0399827515,27
157,393,Indian Kanoon - Search engine for Indian Law,Indian Kanoon - Search engine for Indian Law | Indian Kanoon - Search engine for Indian Law | Dr Parveen Arora vs M/O Science And Technology,Indian Kanoon - Search engine for Indian Law | Indian Kanoon - Search engine for Indian Law | Dr Parveen Arora vs M/O Science And Technology,5e-10,1.128e-07,0.0026358369,3
158,377,Union Of India (Uoi) vs Chajju Ram (Dead) By Lrs. And Ors,Union Of India (Uoi) vs Chajju Ram (Dead) By Lrs. And Ors | Indian Kanoon - Search engine for Indian Law | Union Of India Through The Defense ... vs Virendra Mahto,Indian Kanoon - Search engine for Indian Law | Union Of India (Uoi) vs Chajju Ram (Dead) By Lrs. And Ors | Union Of India Through The Defense ... vs Virendra Mahto,1.988e-07,7.48317e-05,0.0040425532,2
154,352,Indian Kanoon - Search engine for Indian Law,"Indian Kanoon - Search engine for Indian Law | Baldev Krishna Sahi vs Shipping Corporation Of India Limited & ... on 17 September, 1987 | Manish vs The State Of Madhya Pradesh","Indian Kanoon - Search engine for Indian Law | Gokak Patel Volkart Ltd vs Dundayya Gurushiddaiah Hiremath And ... on 14 February, 1991 | Baldev Krishna Sahi vs Shipping Corporation Of India Limited & ... on 17 September, 1987",5e-10,1.934e-07,0.0078144078,6
160,345,Indian Kanoon - Search engine for Indian Law,Indian Kanoon - Search engine for Indian Law | The Chairman vs P.Sundari | Abdul Aziz Bhat And Ors vs State Of J&K And Ors,Indian Kanoon - Search engine for Indian Law | The Chairman vs P.Sundari | Abdul Aziz Bhat And Ors vs State Of J&K And Ors,0.0,0.0,0.0,2
162,319,Indian Kanoon - Search engine for Indian Law,Indian Kanoon - Search engine for Indian Law | S.Sowmya … vs T.Mukundan | Madhu Gautam And Another vs State Of U.P. Thru. Prin. Secy. Home Lko. ...,Indian Kanoon - Search engine for Indian Law | Disha Kashyap vs Tabish Kapoor | Kusum Yadav @ Kusum Devi vs State Of U.P. Thru. Prin. Secy. Deptt. Of ...,3e-10,9.67e-08,0.0012201655,2
14,309,Shri_Raja_Durga_Singh_Of_Solan_vs_Tholu_on_1_May_1962,Shri_Raja_Durga_Singh_Of_Solan_vs_Tholu_on_1_May_1962 | State Of Haryana And Another vs Bachan Singh | Raj Dulari vs State Of Haryana Etc,"Indian Kanoon - Search engine for Indian Law | Richpal Singh And Others Etc vs Dalip on 9 September, 1987 | Shri_Raja_Durga_Singh_Of_Solan_vs_Tholu_on_1_May_1962",2e-10,4.84e-08,0.0319810483,6
166,210,Indian Kanoon - Search engine for Indian Law,Indian Kanoon - Search engine for Indian Law | Power Grid Corporation Of India Ltd vs Ayishumma | Power Grid Corporation Of India Ltd vs The Secretary,Indian Kanoon - Search engine for Indian Law | Power Grid Corporation Of India Ltd vs Ayishumma | Power Grid Corporation Of India Ltd vs The Secretary,3e-10,6.45e-08,0.0142160471,1
100,206,Indian Kanoon - Search engine for Indian Law,Indian Kanoon - Search engine for Indian Law | Dr_Rajendra_Prakash_Sharma_vs_Gyan_Chandra_Ors_on_27_March_1980 | N_S_Gujral_vs_Custodian_Of_Evacuee_Property_Anr_on_12_September_1967,"Dr_Rajendra_Prakash_Sharma_vs_Gyan_Chandra_Ors_on_27_March_1980 | N_S_Gujral_vs_Custodian_Of_Evacuee_Property_Anr_on_12_September_1967 | Shish Ram & Ors vs The State Of Haryana & Ors on 5 May, 2000",6.7e-09,1.3056e-06,0.000143472,14
151,200,Indian Kanoon - Search engine for Indian Law,"Indian Kanoon - Search engine for Indian Law | Judges
(Protection) Act,  1985 | The State Of Jharkhand vs Sanjay Kumar Savita",Indian Kanoon - Search engine for Indian Law | Indian Kanoon - Search engine for Indian Law | The State Of Jharkhand vs Sanjay Kumar Savita,2e-10,3.22e-08,0.0144662707,3
20,199,Moti_Ram_Deka_Etc_vs_General_Manager_N_E_F_on_5_December_1963,Moti_Ram_Deka_Etc_vs_General_Manager_N_E_F_on_5_December_1963 | Lekhraj_Satramdas_Lalvani_vs_Deputy_Custodlan_Cum_Managing_on_4_May_1965 | Afzal_Ullah_vs_The_State_Of_Uttar_Pradesh_on_20_September_1963,"Union Of India And Anr vs P.O. Yadav on 16 October, 2001 | J_K_Steel_Ltd_vs_Union_Of_India_on_18_October_1968 | Afzal_Ullah_vs_The_State_Of_Uttar_Pradesh_on_20_September_1963",9.26e-08,1.54165e-05,0.0005383787,20
167,155,Indian Kanoon - Search engine for Indian Law,Indian Kanoon - Search engine for Indian Law | Satinder Singh Sandhu vs State Of Punjab And Another | Rattan Chand & Ors vs State Of Punjab And Anr,Indian Kanoon - Search engine for Indian Law | Satinder Singh Sandhu vs State Of Punjab And Another | Rattan Chand & Ors vs State Of Punjab And Anr,0.0,0.0,0.0,1
-1,136,Maharaj_Jagat_Bahadur_Singh_vs_Badri_Prasad_Seth_on_20_March_1962,Maharaj_Jagat_Bahadur_Singh_vs_Badri_Prasad_Seth_on_20_March_1962 | Jaimal_Anr_vs_Financial_Commissioner_Punjab_Ors_on_25_September_1968 | State_Of_Uttar_Pradesh_vs_Ramkrishan_Burman_Dead_By_L_Rs_And_on_26_September_1967,Maharaj_Jagat_Bahadur_Singh_vs_Badri_Prasad_Seth_on_20_March_1962 | Jaimal_Anr_vs_Financial_Commissioner_Punjab_Ors_on_25_September_1968 | State_Of_Uttar_Pradesh_vs_Ramkrishan_Burman_Dead_By_L_Rs_And_on_26_September_1967,0.0,0.0,0.0,136
168,126,Thomas vs Sunnichan,Thomas vs Sunnichan | Shoba Balasaheb Kale vs Parmeshwar Suryabhan Dhawale And ... | Priyanka Rameshwar Kedar Alias ... vs Rameshwar Bharat Kedar,Thomas vs Sunnichan | Shoba Balasaheb Kale vs Parmeshwar Suryabhan Dhawale And ... | Priyanka Rameshwar Kedar Alias ... vs Rameshwar Bharat Kedar,0.0,0.0,0.0,1
163,98,Parveena Akhter & Another vs Union Territory Of J&K & Ors,Indian Kanoon - Search engine for Indian Law | Abhishek Singh Sikarwar vs The State Of Madhya Pradesh | Ishrata Bano & Another vs Union Territory Of J&K & Ors,Indian Kanoon - Search engine for Indian Law | Abhishek Singh Sikarwar vs The State Of Madhya Pradesh | Ishrata Bano & Another vs Union Territory Of J&K & Ors,0.0,0.0,0.0103092784,1
122,71,Art. 31A(1)(b),Art. 31A(1)(b) | 5 (a) | 8,Art. 31A(1)(b) | 5 (a) | 8,0.0,0.0,0.0,2
161,63,Maya @ Mahendra Mukund Kamble vs The State Of Maharashtra,Indian Kanoon - Search engine for Indian Law | State vs Kunal Kumar -:: Page 1 Of 67 ::- | Shanabhai Chandubhai Vasava vs State Of Gujarat And Anr.,Indian Kanoon - Search engine for Indian Law | State vs Kunal Kumar -:: Page 1 Of 67 ::- | Shanabhai Chandubhai Vasava vs State Of Gujarat And Anr.,0.0,0.0,0.0317292438,1
150,53,"The Andhra Pradesh Education Act, 1982","The Andhra Pradesh Education Act, 1982 | Section 3 in Maharishi Markandeshwar University (Establishment and Regulation) Act, 2010 | Section 14 in Maharishi Markandeshwar University (Establishment and Regulation) Act, 2010","The Andhra Pradesh Education Act, 1982 | Section 3 in Maharishi Markandeshwar University (Establishment and Regulation) Act, 2010 | Section 14 in Maharishi Markandeshwar University (Establishment and Regulation) Act, 2010",0.0,0.0,0.0,2
1,51,The_Commissioner_Of_Sales_Tax_Eastern_vs_Husenali_Adamji_And_Co_on_21_April_1959,The_Commissioner_Of_Sales_Tax_Eastern_vs_Husenali_Adamji_And_Co_on_21_April_1959 | Section 9 | 19,The_Commissioner_Of_Sales_Tax_Eastern_vs_Husenali_Adamji_And_Co_on_21_April_1959 | Section 9 | 19,0.0,0.0,0.0,5
152,50,"Section 408 in The Companies Act, 1956","Section 408 in The Companies Act, 1956 | Regulation 38 | Regulation 12","Section 408 in The Companies Act, 1956 | Regulation 38 | Regulation 12",0.0,0.0,0.0,1
164,42,State (Govt. Of Nct Of Delhi) vs Anand Kumar Singh,Indian Kanoon - Search engine for Indian Law | S.S.Murugesan vs R.Selvaraj | N.Karthick vs State Rep. By,Indian Kanoon - Search engine for Indian Law | S.S.Murugesan vs R.Selvaraj | N.Karthick vs State Rep. By,0.0,0.0,0.0243902439,1
146,39,"N.K. Jain And Others vs C.K.Shah And Others on 26 March, 1991","N.K. Jain And Others vs C.K.Shah And Others on 26 March, 1991 | Section 18 | Section 5","N.K. Jain And Others vs C.K.Shah And Others on 26 March, 1991 | Section 18 | Section 5",1.3475e-06,5.25509e-05,0.0,2
140,32,221(2).,"221(2). | Union Of India vs Justice S.S. Sandhawalia on 11 January, 1994 | Section 3(1)","221(2). | Union Of India vs Justice S.S. Sandhawalia on 11 January, 1994 | Section 3(1)",0.0,0.0,0.0,1
22,27,Burn_And_Company_Ltd_vs_Its_Workmen_on_6_December_1963,"Burn_And_Company_Ltd_vs_Its_Workmen_on_6_December_1963 | M_S_Hatisingh_Mfg_Co_Ltd_And_Another_vs_Union_Of_India_And_Others_on_14_April_1960 | Section 7 in The Central Reserve Police Force Act, 1949",The_Andhra_Prabha_Ltd_Ors_vs_Secretary_Madras_Union_Of_Journalists_on_4_May_1967 | Burn_And_Company_Ltd_vs_Its_Workmen_on_6_December_1963 | M_S_Hatisingh_Mfg_Co_Ltd_And_Another_vs_Union_Of_India_And_Others_on_14_April_1960,0.0,0.0,0.0030769231,6
105,23,J_K_Bombay_P_Ltd_vs_New_Kaiser_I_Hind_Spg_Wvg_Co_Ltd_on_22_November_1968,J_K_Bombay_P_Ltd_vs_New_Kaiser_I_Hind_Spg_Wvg_Co_Ltd_on_22_November_1968 | 10 | Section 8(1)(a),J_K_Bombay_P_Ltd_vs_New_Kaiser_I_Hind_Spg_Wvg_Co_Ltd_on_22_November_1968 | 10 | Section 8(1)(a),2.06e-07,4.7388e-06,0.0,2
170,17,"Bajranga (Dead) By Lrs. vs The State Of Madhya Pradesh on 19 January, 2021","Bajranga (Dead) By Lrs. vs The State Of Madhya Pradesh on 19 January, 2021 | Section 9(iv) | section 6","Bajranga (Dead) By Lrs. vs The State Of Madhya Pradesh on 19 January, 2021 | Section 9(iv) | section 6",0.0,0.0,0.0,1
30,14,"Rup Narain Singh And Anr. vs Har Gopal Tewari And Ors. on 28 February, 1933","Raghunath_Keshava_Kharkar_vs_Ganesh_And_Others_on_2_May_1963 | Rup Narain Singh And Anr. vs Har Gopal Tewari And Ors. on 28 February, 1933 | Sri Mahalinga Thambiran Swamigal vs His Holiness Sri La Sri Kasivasi ... on 19 October, 1973","Raghunath_Keshava_Kharkar_vs_Ganesh_And_Others_on_2_May_1963 | Rup Narain Singh And Anr. vs Har Gopal Tewari And Ors. on 28 February, 1933 | Sri Mahalinga Thambiran Swamigal vs His Holiness Sri La Sri Kasivasi ... on 19 October, 1973",0.0,0.0,0.0064102564,2
165,12,"Punjab State 
Electricity Board Vs. Collector of Customs, Bombay","Indian Kanoon - Search engine for Indian Law | Punjab State 
Electricity Board Vs. Collector of Customs, Bombay | Smt. T. Vijayalaxmi, Hyd vs Deputy Registrar / Divisional Coop. ...","Indian Kanoon - Search engine for Indian Law | Punjab State 
Electricity Board Vs. Collector of Customs, Bombay | Smt. T. Vijayalaxmi, Hyd vs Deputy Registrar / Divisional Coop. ...",0.0,0.0,0.0909090909,1
156,12,"Krishna S/0 Bulaji Borate vs State Of Maharashtra And Ors on 23 January, 2001","Krishna S/0 Bulaji Borate vs State Of Maharashtra And Ors on 23 January, 2001 | Section 6 | Section 10","Krishna S/0 Bulaji Borate vs State Of Maharashtra And Ors on 23 January, 2001 | Section 6 | Section 10",0.0,0.0,0.0,1
116,8,"Tribhuban Parkash Nayyar vs The Union Of India on 10 October, 1969","Tribhuban Parkash Nayyar vs The Union Of India on 10 October, 1969 | Displaced Persons (Claims) Act, 1950 | Section 5(1)(b)","Tribhuban Parkash Nayyar vs The Union Of India on 10 October, 1969 | Displaced Persons (Claims) Act, 1950 | Section 5(1)(b)",1.8617e-06,1.48935e-05,0.0,1
88,8,Ram_Prasad_Dagduram_vs_Vijay_Kumar_Motilal_Mirakhanwala_Ors_on_18_April_1966,"Ram_Prasad_Dagduram_vs_Vijay_Kumar_Motilal_Mirakhanwala_Ors_on_18_April_1966 | Vasudeva Mudaliar vs K.S. Srinivasa Pillai on 22 July, 1907 | Ramdoyal vs Junmenjoy Coondoo on 1 April, 1887","Ram_Prasad_Dagduram_vs_Vijay_Kumar_Motilal_Mirakhanwala_Ors_on_18_April_1966 | Vasudeva Mudaliar vs K.S. Srinivasa Pillai on 22 July, 1907 | Ramdoyal vs Junmenjoy Coondoo on 1 April, 1887",0.0,0.0,0.0,1
113,8,s. 3,"s. 3 | Dayaram & Ors vs Dawalatshah & Ors on 8 January, 1971 | S. 14","s. 3 | Dayaram & Ors vs Dawalatshah & Ors on 8 January, 1971 | S. 14",0.0,0.0,0.0,1
31,7,Raizada_Topandas_Anr_vs_M_S_Gorakhram_Gokalchand_on_22_April_1963,"Raizada_Topandas_Anr_vs_M_S_Gorakhram_Gokalchand_on_22_April_1963 | Babulal Bhuramal And Another vs Nandram Shivram And Others on 31 March, 1958 | Jaswantlal Jagjivandas And Co. vs Western Company, India on 11 February, 1959","Raizada_Topandas_Anr_vs_M_S_Gorakhram_Gokalchand_on_22_April_1963 | Babulal Bhuramal And Another vs Nandram Shivram And Others on 31 March, 1958 | Jaswantlal Jagjivandas And Co. vs Western Company, India on 11 February, 1959",0.0,0.0,0.0,2
87,7,Ram_Lal_Puri_vs_Gokalnagar_Sugar_Mills_Co_Ltd_on_13_December_1966,"Ram_Lal_Puri_vs_Gokalnagar_Sugar_Mills_Co_Ltd_on_13_December_1966 | Sardarilal And Ors. vs Shrimati Shakuntla Devi on 21 December, 1960 | Ram Labhaya vs Municipal Committee on 20 September, 1965","Ram_Lal_Puri_vs_Gokalnagar_Sugar_Mills_Co_Ltd_on_13_December_1966 | Sardarilal And Ors. vs Shrimati Shakuntla Devi on 21 December, 1960 | Ram Labhaya vs Municipal Committee on 20 September, 1965",0.0,0.0,0.0,1
111,7,"Amritlal N. Shah vs V. Nageswara Rao on 25 March, 1946","R_H_Bhutani_vs_Miss_Mani_J_Desai_Ors_on_23_April_1968 | Amritlal N. Shah vs V. Nageswara Rao on 25 March, 1946 | Sreeman Kumara Tirumalraja Bahadur, ... vs Sowcar Lodd Govind Doss Krishna Doss on 30 July, 1906","R_H_Bhutani_vs_Miss_Mani_J_Desai_Ors_on_23_April_1968 | Amritlal N. Shah vs V. Nageswara Rao on 25 March, 1946 | Sreeman Kumara Tirumalraja Bahadur, ... vs Sowcar Lodd Govind Doss Krishna Doss on 30 July, 1906",0.0,0.0,0.1666666667,2
17,7,T_V_V_Narasimham_And_Others_vs_The_State_Of_Orissa_on_24_October_1962,"T_V_V_Narasimham_And_Others_vs_The_State_Of_Orissa_on_24_October_1962 | Ramalinga Mudali And Anr. vs T.S. Ramasami Ayyar on 20 December, 1928 | Mantravadi Bhavanarayana And Anr. vs Merugu Venkatadu And Ors. on 26 August, 1953","T_V_V_Narasimham_And_Others_vs_The_State_Of_Orissa_on_24_October_1962 | Ramalinga Mudali And Anr. vs T.S. Ramasami Ayyar on 20 December, 1928 | Mantravadi Bhavanarayana And Anr. vs Merugu Venkatadu And Ors. on 26 August, 1953",0.0,0.0,0.0,1
52,7,Ouseph_Poulo_And_Three_Others_vs_Catholic_Union_Bank_Ltd_And_Ors_on_16_April_1964,"Ouseph_Poulo_And_Three_Others_vs_Catholic_Union_Bank_Ltd_And_Ors_on_16_April_1964 | Ouseph_Poulo_And_Three_Ors_vs_Catholic_Union_Bank_Ltd_And_Ors_on_15_April_1964 | The Bhowanipur Banking Corporation ... vs Shreemati Durgesh Nandini Dasi on 23 June, 1941","Ouseph_Poulo_And_Three_Ors_vs_Catholic_Union_Bank_Ltd_And_Ors_on_15_April_1964 | The Bhowanipur Banking Corporation ... vs Shreemati Durgesh Nandini Dasi on 23 June, 1941 | V. Narasimha Raju vs V. Gurumurthy Raju And Others on 22 August, 1962",7.645e-07,5.3513e-06,0.0,2
96,7,Hans_Raj_vs_Rattan_Chand_Etc_on_3_April_1967,"Hans_Raj_vs_Rattan_Chand_Etc_on_3_April_1967 | Mul Chand vs Murari Lal And Ors. on 7 November, 1913 | P.N.M.M. Muthupalaniappa Chettiar vs N.A.R.R.M. Raman Chettiar And Anr. on 24 August, 1939","Hans_Raj_vs_Rattan_Chand_Etc_on_3_April_1967 | Mul Chand vs Murari Lal And Ors. on 7 November, 1913 | P.N.M.M. Muthupalaniappa Chettiar vs N.A.R.R.M. Raman Chettiar And Anr. on 24 August, 1939",0.0,0.0,0.0,1
60,6,Commissioner_Income_Tax_U_P_vs_Kunwar_Trivikram_Narain_Singh_on_9_April_1965,"Commissioner_Income_Tax_U_P_vs_Kunwar_Trivikram_Narain_Singh_on_9_April_1965 | State_Of_Uttar_Pradesh_vs_Kunwar_Sri_Trivikram_Narain_Singh_on_22_August_1961 | Maharajadhiraja Sir Kameshwar Singh vs Commissioner Of Income-Tax, Bihar And ... on 25 October, 1960","Commissioner_Income_Tax_U_P_vs_Kunwar_Trivikram_Narain_Singh_on_9_April_1965 | State_Of_Uttar_Pradesh_vs_Kunwar_Sri_Trivikram_Narain_Singh_on_22_August_1961 | Maharajadhiraja Sir Kameshwar Singh vs Commissioner Of Income-Tax, Bihar And ... on 25 October, 1960",0.0,0.0,0.0,3
46,6,Mahendra_Manilal_Nanavati_vs_Sushila_Mahendra_Nanavati_on_18_March_1964,"Mahendra_Manilal_Nanavati_vs_Sushila_Mahendra_Nanavati_on_18_March_1964 | Earnest John White vs Mrs. Kathleen Olive White And Others on 10 March, 1958 | John Over vs Muriel A.I. Over on 14 October, 1924","Mahendra_Manilal_Nanavati_vs_Sushila_Mahendra_Nanavati_on_18_March_1964 | Earnest John White vs Mrs. Kathleen Olive White And Others on 10 March, 1958 | John Over vs Muriel A.I. Over on 14 October, 1924",0.0,0.0,0.0,1
83,6,Kulathil_Mammu_vs_The_State_Of_Kerala_on_2_March_1966,"Kulathil_Mammu_vs_The_State_Of_Kerala_on_2_March_1966 | Smt. Shanno Devi vs Mangal Sain on 7 September, 1960 | Central Bank Of India vs Ram Narain on 12 October, 1954","Kulathil_Mammu_vs_The_State_Of_Kerala_on_2_March_1966 | Smt. Shanno Devi vs Mangal Sain on 7 September, 1960 | Central Bank Of India vs Ram Narain on 12 October, 1954",0.0,0.0,0.0,1
38,6,Avtar_Singh_vs_State_Of_Punjab_on_24_August_1964,"Avtar_Singh_vs_State_Of_Punjab_on_24_August_1964 | Public Prosecutor vs Abdul Wahab And Ors. on 6 November, 1963 | State vs Maganlal Chunilal Bogawat on 6 December, 1955","Avtar_Singh_vs_State_Of_Punjab_on_24_August_1964 | Public Prosecutor vs Abdul Wahab And Ors. on 6 November, 1963 | State vs Maganlal Chunilal Bogawat on 6 December, 1955",0.0,0.0,0.0,1
64,6,Her_Highness_Maharani_Mandalsa_Devi_And_vs_M_Ramnarain_P_Ltd_And_Ors_on_19_March_1965,"Her_Highness_Maharani_Mandalsa_Devi_And_vs_M_Ramnarain_P_Ltd_And_Ors_on_19_March_1965 | Gambhir_Mal_Pandiya_vs_J_K_Jote_Mills_Co_Ltd_Kanpur_And_on_17_April_1962 | Chhattoo Lal Misser And Company vs Naraindas Baijnath Prasad on 4 September, 1928","Her_Highness_Maharani_Mandalsa_Devi_And_vs_M_Ramnarain_P_Ltd_And_Ors_on_19_March_1965 | Gambhir_Mal_Pandiya_vs_J_K_Jote_Mills_Co_Ltd_Kanpur_And_on_17_April_1962 | Chhattoo Lal Misser And Company vs Naraindas Baijnath Prasad on 4 September, 1928",0.0,0.0,0.0,1
104,6,Commissioner_Of_Income_Tax_U_P_vs_Jagannath_Mahadeo_Prasad_Etc_on_2_August_1968,"Commissioner_Of_Income_Tax_U_P_vs_Jagannath_Mahadeo_Prasad_Etc_on_2_August_1968 | Commissioner Of Income-Tax, Punjab, ... vs Ram Sarup on 14 November, 1961 | Sree Hanuman Investment Co. Ltd. vs Commissioner Of Income-Tax, West ... on 13 February, 1962","Commissioner_Of_Income_Tax_U_P_vs_Jagannath_Mahadeo_Prasad_Etc_on_2_August_1968 | Commissioner Of Income-Tax, Punjab, ... vs Ram Sarup on 14 November, 1961 | Sree Hanuman Investment Co. Ltd. vs Commissioner Of Income-Tax, West ... on 13 February, 1962",0.0,0.0,0.0,1
66,6,Karpagathachi_And_Ors_vs_Nagarathinathachi_on_10_March_1965,"Karpagathachi_And_Ors_vs_Nagarathinathachi_on_10_March_1965 | Commissioner Of Income- Tax, Bombay vs Smt. Indira Balkrishna on 14 April, 1960 | Sudalai Ammal vs Gomati Ammal Minor By Her Guardian ... on 9 August, 1912","Karpagathachi_And_Ors_vs_Nagarathinathachi_on_10_March_1965 | Commissioner Of Income- Tax, Bombay vs Smt. Indira Balkrishna on 14 April, 1960 | Sudalai Ammal vs Gomati Ammal Minor By Her Guardian ... on 9 August, 1912",0.0,0.0,0.0,1
73,6,"Kunchithapatham Pillai vs Ranganadham Pillai on 8 January, 1958","S_N_Sundalaimuthu_Chettiar_vs_Palaniyandavan_on_12_August_1965 | Kunchithapatham Pillai vs Ranganadham Pillai on 8 January, 1958 | L_R_Ganapathi_Thevar_vs_Sri_Navaneethaswaraswami_on_1_August_1968","S_N_Sundalaimuthu_Chettiar_vs_Palaniyandavan_on_12_August_1965 | Kunchithapatham Pillai vs Ranganadham Pillai on 8 January, 1958 | L_R_Ganapathi_Thevar_vs_Sri_Navaneethaswaraswami_on_1_August_1968",0.0,0.0,0.05,2
36,5,Vasumatiben_Gaurishankar_Bhatt_vs_Navairam_Manchharam_Vora_And_Ors_on_14_August_1963,"Vasumatiben_Gaurishankar_Bhatt_vs_Navairam_Manchharam_Vora_And_Ors_on_14_August_1963 | Dayaram Kashiram vs Bansilal Raghunath on 16 April, 1952 | Laxminarayan Nandkishore Shravagi vs Keshardev Baijnath Narsaria on 4 September, 1956","Vasumatiben_Gaurishankar_Bhatt_vs_Navairam_Manchharam_Vora_And_Ors_on_14_August_1963 | Dayaram Kashiram vs Bansilal Raghunath on 16 April, 1952 | Laxminarayan Nandkishore Shravagi vs Keshardev Baijnath Narsaria on 4 September, 1956",0.0,0.0,0.0,2
45,5,Kanumukkala_Krishna_Murthy_vs_State_Of_Andhra_Pradesh_on_23_March_1964,"Kanumukkala_Krishna_Murthy_vs_State_Of_Andhra_Pradesh_on_23_March_1964 | Legal Remembrancer vs Manmatha Bhusan Chatterjee And Ors. on 21 August, 1923 | Legal Remembrancer vs Manmatha Bhusan Chatterjee Hridoy ... on 21 August, 1923","Kanumukkala_Krishna_Murthy_vs_State_Of_Andhra_Pradesh_on_23_March_1964 | Legal Remembrancer vs Manmatha Bhusan Chatterjee And Ors. on 21 August, 1923 | Legal Remembrancer vs Manmatha Bhusan Chatterjee Hridoy ... on 21 August, 1923",0.0,0.0,0.0,1
47,5,Ujagar_Singh_vs_Mst_Jeo_on_23_April_1959,"Mara_And_Others_vs_Nikko_And_Others_on_24_March_1964 | Ujagar_Singh_vs_Mst_Jeo_on_23_April_1959 | Wasi Ahmad And Ors. vs Maina Bibi And Ors., Muhammad Fakhir And ... on 12 March, 1919","Mara_And_Others_vs_Nikko_And_Others_on_24_March_1964 | Ujagar_Singh_vs_Mst_Jeo_on_23_April_1959 | Wasi Ahmad And Ors. vs Maina Bibi And Ors., Muhammad Fakhir And ... on 12 March, 1919",0.0,0.0,0.25,2
41,5,Commissioner_Of_Income_Tax_Patna_vs_Rani_Bhuwaneshwari_Kuer_on_28_April_1964,"Commissioner_Of_Income_Tax_Patna_vs_Rani_Bhuwaneshwari_Kuer_on_28_April_1964 | Ramji Keshavji vs Commissioner Of Income-Tax, Bombay. on 7 September, 1944 | Commissioner_Of_Income_Tax_Punjab_vs_Raghbir_Singh_on_9_April_1965 (1)","Commissioner_Of_Income_Tax_Patna_vs_Rani_Bhuwaneshwari_Kuer_on_28_April_1964 | Ramji Keshavji vs Commissioner Of Income-Tax, Bombay. on 7 September, 1944 | Commissioner_Of_Income_Tax_Punjab_vs_Raghbir_Singh_on_9_April_1965 (1)",0.0,0.0,0.0,3
93,5,V_M_Rv_Mr_Ramaswami_Chettiar_And_Anr_vs_R_Muthukrishna_Iyer_And_Others_on_16_February_1966,"V_M_Rv_Mr_Ramaswami_Chettiar_And_Anr_vs_R_Muthukrishna_Iyer_And_Others_on_16_February_1966 | Subbaroya Reddiar vs Rajagopala Reddiar And Two Ors. on 24 February, 1914 | Hanuman Kamut vs Hanuman Mandur And Ors. on 14 June, 1887","V_M_Rv_Mr_Ramaswami_Chettiar_And_Anr_vs_R_Muthukrishna_Iyer_And_Others_on_16_February_1966 | Subbaroya Reddiar vs Rajagopala Reddiar And Two Ors. on 24 February, 1914 | Hanuman Kamut vs Hanuman Mandur And Ors. on 14 June, 1887",0.0,0.0,0.0,1
54,5,Shree_Bajrang_Jute_Mills_Ltd_vs_State_Of_Andhra_Pradesh_on_6_February_1964,"Shree_Bajrang_Jute_Mills_Ltd_vs_State_Of_Andhra_Pradesh_on_6_February_1964 | C. Govindarajulu Naidu & Co. vs State Of Madras Represented By The ... on 9 September, 1952 | Khaitan Minerals vs Sales Tax Appellate Tribunal For Mysore ... on 30 January, 1962","Shree_Bajrang_Jute_Mills_Ltd_vs_State_Of_Andhra_Pradesh_on_6_February_1964 | C. Govindarajulu Naidu & Co. vs State Of Madras Represented By The ... on 9 September, 1952 | Khaitan Minerals vs Sales Tax Appellate Tribunal For Mysore ... on 30 January, 1962",0.0,0.0,0.0,1
86,4,Patel_Rambhai_Bacharbhai_Anr_vs_Patel_Dahyabhai_Becharbhai_Anr_on_4_April_1966,"Patel_Rambhai_Bacharbhai_Anr_vs_Patel_Dahyabhai_Becharbhai_Anr_on_4_April_1966 | Hiraman Ratan And Ors. vs Purshottam Deorao on 10 December, 1952 | Vishwanath Mahadev Adhikari vs Krishnaji Ramachandra Bodas on 20 June, 1949","Patel_Rambhai_Bacharbhai_Anr_vs_Patel_Dahyabhai_Becharbhai_Anr_on_4_April_1966 | Hiraman Ratan And Ors. vs Purshottam Deorao on 10 December, 1952 | Vishwanath Mahadev Adhikari vs Krishnaji Ramachandra Bodas on 20 June, 1949",0.0,0.0,0.0,1
169,4,"Punjab State Power Corp.Ltd.Patiala ... vs Atma Singh Grewal on 17 September, 2013","Punjab State Power Corp.Ltd.Patiala ... vs Atma Singh Grewal on 17 September, 2013 | Gurgaon Gramin Bank v. Khazani | Mundrika Prasad Singh v. State of Bihar","Punjab State Power Corp.Ltd.Patiala ... vs Atma Singh Grewal on 17 September, 2013 | Gurgaon Gramin Bank v. Khazani | Mundrika Prasad Singh v. State of Bihar",0.0,0.0,0.0,1
127,4,"Chairman, Ramappa Gundappa Sahakari ... vs State Of Mysore And Ors. on 5 April, 1974","Chairman, Ramappa Gundappa Sahakari ... vs State Of Mysore And Ors. on 5 April, 1974 | Section 44 | Section 55","Chairman, Ramappa Gundappa Sahakari ... vs State Of Mysore And Ors. on 5 April, 1974 | Section 44 | Section 55",0.0,0.0,0.0,1
19,4,The_Regional_Settlement_Commissioner_vs_Sunderdas_Bhasin_on_27_April_1962,"The_Regional_Settlement_Commissioner_vs_Sunderdas_Bhasin_on_27_April_1962 | Radheshyam Makhanlal vs Union Of India And Ors. on 10 August, 1959 | Chanan Das Mukhi vs Union Of India And Anr. on 15 September, 1959","The_Regional_Settlement_Commissioner_vs_Sunderdas_Bhasin_on_27_April_1962 | Radheshyam Makhanlal vs Union Of India And Ors. on 10 August, 1959 | Chanan Das Mukhi vs Union Of India And Anr. on 15 September, 1959",0.0,0.0,0.0,1
44,4,Haridas_Das_And_Anr_vs_State_Of_West_Bengal_And_Ors_on_16_March_1964,"Haridas_Das_And_Anr_vs_State_Of_West_Bengal_And_Ors_on_16_March_1964 | S.N. Bannerjee And Secretary Of State vs Kurchwar Lime And Stone Company, ... on 31 October, 1938 | Karim Buksh vs The Queen-Empress on 5 September, 1888","Haridas_Das_And_Anr_vs_State_Of_West_Bengal_And_Ors_on_16_March_1964 | S.N. Bannerjee And Secretary Of State vs Kurchwar Lime And Stone Company, ... on 31 October, 1938 | Karim Buksh vs The Queen-Empress on 5 September, 1888",0.0,0.0,0.0,1
32,4,Shankar_Narayan_Ranade_vs_Union_Of_India_Uoi_on_8_February_1963,"Shankar_Narayan_Ranade_vs_Union_Of_India_Uoi_on_8_February_1963 | The Secretary Of State For India vs Sannidhiraju Subbarayudu on 27 November, 1931 | Annapurnabai Gopal vs Government Of Bombay on 24 January, 1945","Shankar_Narayan_Ranade_vs_Union_Of_India_Uoi_on_8_February_1963 | The Secretary Of State For India vs Sannidhiraju Subbarayudu on 27 November, 1931 | Annapurnabai Gopal vs Government Of Bombay on 24 January, 1945",0.0,0.0,0.0,2
35,3,State_Of_Bihar_And_Another_vs_Kundan_Singh_And_Another_on_25_April_1963,"State_Of_Bihar_And_Another_vs_Kundan_Singh_And_Another_on_25_April_1963 | Krishna Das Roy vs Land Acquisition Collector Of Pabna on 5 December, 1911 | Pramatha Nath Mullick vs The Secretary Of State For India In ... on 22 May, 1924","State_Of_Bihar_And_Another_vs_Kundan_Singh_And_Another_on_25_April_1963 | Krishna Das Roy vs Land Acquisition Collector Of Pabna on 5 December, 1911 | Pramatha Nath Mullick vs The Secretary Of State For India In ... on 22 May, 1924",0.0,0.0,0.0,1
42,3,Deo_Chand_vs_Shiv_Ram_on_24_August_1964,"Deo_Chand_vs_Shiv_Ram_on_24_August_1964 | Narayanan Chetti And Ors. vs Arunachellam Chetti on 21 October, 1895 | Khushaldas Gokaldas And Ors. vs Chimanlal Kalidas on 18 January, 1926","Deo_Chand_vs_Shiv_Ram_on_24_August_1964 | Narayanan Chetti And Ors. vs Arunachellam Chetti on 21 October, 1895 | Khushaldas Gokaldas And Ors. vs Chimanlal Kalidas on 18 January, 1926",0.0,0.0,0.0,1
50,3,Musammat_Murti_Dussadhin_And_Others_vs_Surajdeo_Singh_And_Others_on_11_August_1964,"Musammat_Murti_Dussadhin_And_Others_vs_Surajdeo_Singh_And_Others_on_11_August_1964 | Jaldhari Mahto And Ors. vs Rajendra Singh And Ors. on 11 March, 1958 | M.R. Seturatnam Aiyer vs Venkatachala Gounden on 12 December, 1919","Musammat_Murti_Dussadhin_And_Others_vs_Surajdeo_Singh_And_Others_on_11_August_1964 | Jaldhari Mahto And Ors. vs Rajendra Singh And Ors. on 11 March, 1958 | M.R. Seturatnam Aiyer vs Venkatachala Gounden on 12 December, 1919",0.0,0.0,0.0,1
155,3,"Pradesh Pong Bandh Visthapitsamiti, ... vs Union Of India & Ors on 26 July, 1996","Pradesh Pong Bandh Visthapitsamiti, ... vs Union Of India & Ors on 26 July, 1996 | Section 4(vi) | Section 3","Pradesh Pong Bandh Visthapitsamiti, ... vs Union Of India & Ors on 26 July, 1996 | Section 4(vi) | Section 3",0.0,0.0,0.0,1
48,3,Municipal_Board_Manglaur_vs_Sri_Mahadeoji_Maharaj_on_24_November_1964,"Municipal_Board_Manglaur_vs_Sri_Mahadeoji_Maharaj_on_24_November_1964 | Anukul Chandra Chakravarti And Ors. vs Chairman Of The Dacca Dist. Board on 13 July, 1926 | S. Sundaram Ayyar vs The Municipal Council Of Madura And The ... on 13 December, 1901","Municipal_Board_Manglaur_vs_Sri_Mahadeoji_Maharaj_on_24_November_1964 | Anukul Chandra Chakravarti And Ors. vs Chairman Of The Dacca Dist. Board on 13 July, 1926 | S. Sundaram Ayyar vs The Municipal Council Of Madura And The ... on 13 December, 1901",0.0,0.0,0.0,1
81,3,Harinagar_Sugar_Mills_Ltd_vs_M_W_Pradhan_on_21_March_1966,"Harinagar_Sugar_Mills_Ltd_vs_M_W_Pradhan_on_21_March_1966 | W.T. Henley'S Telegraph Works Co. Ltd. vs Gorakhpur Electric Supply Co. Ltd. on 2 September, 1936 | Japan Cotton Trading Company Ld. vs Jajodia Cotton Mills Ld. on 24 November, 1926","Harinagar_Sugar_Mills_Ltd_vs_M_W_Pradhan_on_21_March_1966 | W.T. Henley'S Telegraph Works Co. Ltd. vs Gorakhpur Electric Supply Co. Ltd. on 2 September, 1936 | Japan Cotton Trading Company Ld. vs Jajodia Cotton Mills Ld. on 24 November, 1926",0.0,0.0,0.0,1
65,3,Joint_Chief_Controller_Of_Imports_And_vs_M_S_Aminchand_Mutha_Etc_on_21_July_1965,"Joint_Chief_Controller_Of_Imports_And_vs_M_S_Aminchand_Mutha_Etc_on_21_July_1965 | The Joint Chief Controller Of Imports ... vs H.V. Jain on 21 April, 1959 | Jagannath Prabhashankar Joshi And Anr. vs Varadkar And Ors. on 9 September, 1960","Joint_Chief_Controller_Of_Imports_And_vs_M_S_Aminchand_Mutha_Etc_on_21_July_1965 | The Joint Chief Controller Of Imports ... vs H.V. Jain on 21 April, 1959 | Jagannath Prabhashankar Joshi And Anr. vs Varadkar And Ors. on 9 September, 1960",0.0,0.0,0.0,1
69,3,Mahant_Kaushalya_Das_vs_State_Of_Madras_on_7_May_1965,"Mahant_Kaushalya_Das_vs_State_Of_Madras_on_7_May_1965 | Shailabala Devi vs Emperor on 18 August, 1933 | Queen-Empress vs Erugadu on 13 July, 1891","Mahant_Kaushalya_Das_vs_State_Of_Madras_on_7_May_1965 | Shailabala Devi vs Emperor on 18 August, 1933 | Queen-Empress vs Erugadu on 13 July, 1891",0.0,0.0,0.0,1
126,3,"Sarupuri Narayanamma And Ors. vs Kadiyala Venkatasubbaiah And Ors. on 4 April, 1973","Sarupuri Narayanamma And Ors. vs Kadiyala Venkatasubbaiah And Ors. on 4 April, 1973 | Musiligadu v. Nannigadu | Venkata Rama v. Rajyalakshmi","Sarupuri Narayanamma And Ors. vs Kadiyala Venkatasubbaiah And Ors. on 4 April, 1973 | Musiligadu v. Nannigadu | Venkata Rama v. Rajyalakshmi",0.0,0.0,0.0,1
95,3,Esthuri_Aswanthiah_vs_Commissioner_Of_Income_Tax_Mysore_on_18_April_1967,"Esthuri_Aswanthiah_vs_Commissioner_Of_Income_Tax_Mysore_on_18_April_1967 | Rajkumar Mills Ltd. vs Income-Tax Appellate Tribunal on 30 September, 1957 | Income-Tax Appellate Tribunal, Bombay ... vs S.C. Cambatta & Co. Ltd. on 5 October, 1955","Esthuri_Aswanthiah_vs_Commissioner_Of_Income_Tax_Mysore_on_18_April_1967 | Rajkumar Mills Ltd. vs Income-Tax Appellate Tribunal on 30 September, 1957 | Income-Tax Appellate Tribunal, Bombay ... vs S.C. Cambatta & Co. Ltd. on 5 October, 1955",0.0,0.0,0.0,1
57,3,Ambika_Prasad_Thakur_And_Ors_vs_Maharaj_Kumar_Kamal_Singh_And_Ors_on_8_September_1965,"Ambika_Prasad_Thakur_And_Ors_vs_Maharaj_Kumar_Kamal_Singh_And_Ors_on_8_September_1965 | Manmatha Nath Haldar And Anr. vs Girish Chandra Roy on 21 March, 1934 | Hemendra Nath Roy Choudhury vs Jnanendra Prasanna Bhaduri And Ors. on 14 May, 1935","Ambika_Prasad_Thakur_And_Ors_vs_Maharaj_Kumar_Kamal_Singh_And_Ors_on_8_September_1965 | Manmatha Nath Haldar And Anr. vs Girish Chandra Roy on 21 March, 1934 | Hemendra Nath Roy Choudhury vs Jnanendra Prasanna Bhaduri And Ors. on 14 May, 1935",0.0,0.0,0.0,1
79,3,Gaudi_Ramamurthy_Ors_vs_The_State_Of_Andhra_Pradesh_Ors_on_26_August_1966,"Gaudi_Ramamurthy_Ors_vs_The_State_Of_Andhra_Pradesh_Ors_on_26_August_1966 | Mahaboob Sarafarajawant Sri Raja ... vs The Secretary Of State For India In ... on 10 October, 1913 | Secy. Of State vs Sree Rajah Vasireddi Sri Chendra ... on 1 February, 1929","Gaudi_Ramamurthy_Ors_vs_The_State_Of_Andhra_Pradesh_Ors_on_26_August_1966 | Mahaboob Sarafarajawant Sri Raja ... vs The Secretary Of State For India In ... on 10 October, 1913 | Secy. Of State vs Sree Rajah Vasireddi Sri Chendra ... on 1 February, 1929",0.0,0.0,0.0,1
112,3,Ragho_Prasad_Gupta_vs_Shri_Krishna_Poddar_on_23_August_1968,"Ragho_Prasad_Gupta_vs_Shri_Krishna_Poddar_on_23_August_1968 | Prokash Chandra Ghose And Ors. vs Mahima Ranjan Chakravartty And Ors. on 19 December, 1946 | Mata Prasad And Ors. vs Ram Charan Sahu And Ors. on 2 May, 1914","Ragho_Prasad_Gupta_vs_Shri_Krishna_Poddar_on_23_August_1968 | Prokash Chandra Ghose And Ors. vs Mahima Ranjan Chakravartty And Ors. on 19 December, 1946 | Mata Prasad And Ors. vs Ram Charan Sahu And Ors. on 2 May, 1914",0.0,0.0,0.0,1
62,3,Gurbinder_Singh_And_Another_vs_Lal_Singh_And_Another_on_12_February_1965,"Gurbinder_Singh_And_Another_vs_Lal_Singh_And_Another_on_12_February_1965 | Ramayya vs Kotamma And Six Ors. on 22 December, 1921 | Rajagopala Naidu And Ors. vs Ramasubramania Ayyar And Ors. on 7 December, 1934","Gurbinder_Singh_And_Another_vs_Lal_Singh_And_Another_on_12_February_1965 | Ramayya vs Kotamma And Six Ors. on 22 December, 1921 | Rajagopala Naidu And Ors. vs Ramasubramania Ayyar And Ors. on 7 December, 1934",0.0,0.0,0.0,1
76,2,State_Of_Madras_vs_P_Govindarajulu_Naidu_on_23_September_1965,"State_Of_Madras_vs_P_Govindarajulu_Naidu_on_23_September_1965 | Gopisetti Veeraswami And Ors. vs Sagiraju Seetharama Kantayya on 22 January, 1926","State_Of_Madras_vs_P_Govindarajulu_Naidu_on_23_September_1965 | Gopisetti Veeraswami And Ors. vs Sagiraju Seetharama Kantayya on 22 January, 1926",0.0,0.0,0.0,1
99,2,Mohan_Lal_Anr_vs_Grain_Chamber_Ltd_Muzaffarnagar_Ors_on_15_November_1967,"Mohan_Lal_Anr_vs_Grain_Chamber_Ltd_Muzaffarnagar_Ors_on_15_November_1967 | Walchandnagar Industries Ltd. vs Ratanchand Khimchand Motishaw on 22 September, 1952","Mohan_Lal_Anr_vs_Grain_Chamber_Ltd_Muzaffarnagar_Ors_on_15_November_1967 | Walchandnagar Industries Ltd. vs Ratanchand Khimchand Motishaw on 22 September, 1952",0.0,0.0,0.0,1
21,2,Bhogaraju_Venkata_Janakirama_Rao_vs_The_Board_Of_Commissioners_For_Hindu_on_31_October_1963,"Bhogaraju_Venkata_Janakirama_Rao_vs_The_Board_Of_Commissioners_For_Hindu_on_31_October_1963 | N.K.R.M. Rajagopala Chettiar vs The Hindu Religious Endowments Board ... on 11 April, 1933","Bhogaraju_Venkata_Janakirama_Rao_vs_The_Board_Of_Commissioners_For_Hindu_on_31_October_1963 | N.K.R.M. Rajagopala Chettiar vs The Hindu Religious Endowments Board ... on 11 April, 1933",0.0,0.0,0.0,1
97,2,L_M_Chhabda_And_Sons_vs_Commissioner_Of_Income_Tax_Gujarat_on_21_March_1967,"L_M_Chhabda_And_Sons_vs_Commissioner_Of_Income_Tax_Gujarat_on_21_March_1967 | Setabgunj Sugar Mills Ltd vs The Commissioner Of ... on 17 November, 1960","L_M_Chhabda_And_Sons_vs_Commissioner_Of_Income_Tax_Gujarat_on_21_March_1967 | Setabgunj Sugar Mills Ltd vs The Commissioner Of ... on 17 November, 1960",0.0,0.0,0.0,1
74,2,Sachdanand_Prasad_vs_Babu_Sheo_Prasad_Singh_on_6_May_1965,"Sachdanand_Prasad_vs_Babu_Sheo_Prasad_Singh_on_6_May_1965 | Basmati Devi vs Chamroo Sao And Ors on 3 April, 1964","Sachdanand_Prasad_vs_Babu_Sheo_Prasad_Singh_on_6_May_1965 | Basmati Devi vs Chamroo Sao And Ors on 3 April, 1964",0.0,0.0,0.0,1
9,2,Official_Assignee_High_Court_Bombay_vs_Haradagiri_Basavanna_Gowd_And_Others_on_1_November_1962,"Official_Assignee_High_Court_Bombay_vs_Haradagiri_Basavanna_Gowd_And_Others_on_1_November_1962 | The Official Assignee Of Madras And Ors. vs The Official Assignee Of Rangoon And ... on 21 November, 1923","Official_Assignee_High_Court_Bombay_vs_Haradagiri_Basavanna_Gowd_And_Others_on_1_November_1962 | The Official Assignee Of Madras And Ors. vs The Official Assignee Of Rangoon And ... on 21 November, 1923",0.0,0.0,0.0,1
91,2,Srinivasavardacharur_And_Ors_vs_Gopala_Menon_And_Ors_on_4_October_1966,"Srinivasavardacharur_And_Ors_vs_Gopala_Menon_And_Ors_on_4_October_1966 | Buragada Venkatarao And Anr. vs Godavarti Venkatratnam And Ors. on 8 August, 1951","Srinivasavardacharur_And_Ors_vs_Gopala_Menon_And_Ors_on_4_October_1966 | Buragada Venkatarao And Anr. vs Godavarti Venkatratnam And Ors. on 8 August, 1951",0.0,0.0,0.0,1
28,2,P_J_Ratnam_vs_D_Kanikaram_And_Others_on_10_April_1963,"P_J_Ratnam_vs_D_Kanikaram_And_Others_on_10_April_1963 | Emperor vs Satish Chandra Singha on 1 March, 1927","P_J_Ratnam_vs_D_Kanikaram_And_Others_on_10_April_1963 | Emperor vs Satish Chandra Singha on 1 March, 1927",0.0,0.0,0.0,1
77,2,Bharat_Fire_General_Insurance_Co_Ltd_vs_Paramshwari_Prasad_Gupta_on_25_November_1966,"Bharat_Fire_General_Insurance_Co_Ltd_vs_Paramshwari_Prasad_Gupta_on_25_November_1966 | State Of Madhya Pradesh And Ors vs Sirajuddin Khan on 22 April, 1964","Bharat_Fire_General_Insurance_Co_Ltd_vs_Paramshwari_Prasad_Gupta_on_25_November_1966 | State Of Madhya Pradesh And Ors vs Sirajuddin Khan on 22 April, 1964",0.0,0.0,0.0,1
85,2,Navinchandra_Babubhai_Nagarsheth_And_vs_Bombay_Revenue_Tribunal_And_Ors_on_21_January_1966,"Navinchandra_Babubhai_Nagarsheth_And_vs_Bombay_Revenue_Tribunal_And_Ors_on_21_January_1966 | Secretary Of State For India vs Shantaram Narayan Dabholkar on 8 July, 1924","Navinchandra_Babubhai_Nagarsheth_And_vs_Bombay_Revenue_Tribunal_And_Ors_on_21_January_1966 | Secretary Of State For India vs Shantaram Narayan Dabholkar on 8 July, 1924",0.0,0.0,0.0,1
84,2,M_Padmanabha_Setty_vs_K_P_Papiah_Setty_on_11_March_1966,"M_Padmanabha_Setty_vs_K_P_Papiah_Setty_on_11_March_1966 | V. Thanappa Chetty vs Arcot Govindaswami Naicker And Anr. on 6 November, 1951","M_Padmanabha_Setty_vs_K_P_Papiah_Setty_on_11_March_1966 | V. Thanappa Chetty vs Arcot Govindaswami Naicker And Anr. on 6 November, 1951",0.0,0.0,0.0,1
171,2,"Jagwant Kaur vs Union Of India on 27 January, 2025","Jagwant Kaur vs Union Of India on 27 January, 2025 | Mrinmoy Maity Vs. Chhanda Koley","Jagwant Kaur vs Union Of India on 27 January, 2025 | Mrinmoy Maity Vs. Chhanda Koley",0.0,0.0,0.0,1
137,2,"Kanahaiya Lal Arya vs Md. Ehshan on 25 February, 2025","Kanahaiya Lal Arya vs Md. Ehshan on 25 February, 2025 | Kahanaiya Lal Arya vs. Md. Ehshan & Ors","Kanahaiya Lal Arya vs Md. Ehshan on 25 February, 2025 | Kahanaiya Lal Arya vs. Md. Ehshan & Ors",0.0,0.0,0.0,1
39,2,"Naganna (Dead) By Lrs. / Smt Devamma vs Siddaramegowda (Since Deceased) By Lrs on 19 March, 2025","Naganna (Dead) By Lrs. / Smt Devamma vs Siddaramegowda (Since Deceased) By Lrs on 19 March, 2025 | Union of India and Ors. vs. Vasavi Cooperative Housing Society Limited and Ors1","Naganna (Dead) By Lrs. / Smt Devamma vs Siddaramegowda (Since Deceased) By Lrs on 19 March, 2025 | Union of India and Ors. vs. Vasavi Cooperative Housing Society Limited and Ors1",0.0,0.0,0.0,1
72,2,Ramchandra_vs_Tukaram_And_Ors_on_24_August_1965,"Ramchandra_vs_Tukaram_And_Ors_on_24_August_1965 | Jayantrai And Kanakmal Zambad And Anr. vs Hari Dagdu And Ors. on 20 September, 1961","Ramchandra_vs_Tukaram_And_Ors_on_24_August_1965 | Jayantrai And Kanakmal Zambad And Anr. vs Hari Dagdu And Ors. on 20 September, 1961",0.0,0.0,0.0,1
51,2,N_Raghavendra_Rao_vs_Deputy_Commissioner_South_on_31_March_1964,"N_Raghavendra_Rao_vs_Deputy_Commissioner_South_on_31_March_1964 | C.K. Appana vs The State Of Mysore And The Ors. on 13 January, 1964","N_Raghavendra_Rao_vs_Deputy_Commissioner_South_on_31_March_1964 | C.K. Appana vs The State Of Mysore And The Ors. on 13 January, 1964",0.0,0.0,0.0,1
29,2,R_Ratilal_Co_vs_National_Security_Assurance_Co_Ltd_on_16_December_1963,"R_Ratilal_Co_vs_National_Security_Assurance_Co_Ltd_on_16_December_1963 | Tricamji Damji And Co. vs Virji Kanji on 19 June, 1922","R_Ratilal_Co_vs_National_Security_Assurance_Co_Ltd_on_16_December_1963 | Tricamji Damji And Co. vs Virji Kanji on 19 June, 1922",0.0,0.0,0.0,1
58,2,Amritsar_Sugar_Mills_Co_Ltd_vs_Commissioner_Of_Sales_Tax_U_P_on_13_December_1965,"Amritsar_Sugar_Mills_Co_Ltd_vs_Commissioner_Of_Sales_Tax_U_P_on_13_December_1965 | India Coffee And Tea Distributing Co. ... vs The State Of Madras, Represented By The ... on 26 April, 1954","Amritsar_Sugar_Mills_Co_Ltd_vs_Commissioner_Of_Sales_Tax_U_P_on_13_December_1965 | India Coffee And Tea Distributing Co. ... vs The State Of Madras, Represented By The ... on 26 April, 1954",0.0,0.0,0.0,1
53,2,Shivagouda_Ravji_Patil_And_Others_vs_Chandrakant_Neelkanth_Sedalge_And_on_8_May_1964,"Shivagouda_Ravji_Patil_And_Others_vs_Chandrakant_Neelkanth_Sedalge_And_on_8_May_1964 | Sanyasi Charan Mandal vs Krishnadhan Banerji on 17 January, 1922","Shivagouda_Ravji_Patil_And_Others_vs_Chandrakant_Neelkanth_Sedalge_And_on_8_May_1964 | Sanyasi Charan Mandal vs Krishnadhan Banerji on 17 January, 1922",0.0,0.0,0.0,1
55,2,Sita_Ram_Jhunjhunawala_vs_Bombay_Bullion_Association_Ltd_Ors_on_25_November_1964,"Sita_Ram_Jhunjhunawala_vs_Bombay_Bullion_Association_Ltd_Ors_on_25_November_1964 | Bank Of Baroda vs Panjab National Bank on 18 May, 1944","Sita_Ram_Jhunjhunawala_vs_Bombay_Bullion_Association_Ltd_Ors_on_25_November_1964 | Bank Of Baroda vs Panjab National Bank on 18 May, 1944",0.0,0.0,0.0,1
145,2,Thakoreshri_Naharsinghji_vs_State_Of_Gujarat_Ors_on_17_August_1979,Thakoreshri_Naharsinghji_vs_State_Of_Gujarat_Ors_on_17_August_1979 | Shri_U_R_Mavinkurve_vs_Thakor_Madhavsinghji_Gambhirsingh_And_on_24_February_1965,Thakoreshri_Naharsinghji_vs_State_Of_Gujarat_Ors_on_17_August_1979 | Shri_U_R_Mavinkurve_vs_Thakor_Madhavsinghji_Gambhirsingh_And_on_24_February_1965,0.0,0.0,0.0,2
147,2,State_Of_Kerala_vs_M_K_Krishnan_Nair_Ors_Andk_on_14_February_1978,State_Of_Kerala_vs_M_K_Krishnan_Nair_Ors_Andk_on_14_February_1978 | Makhan_Lal_Malhotra_And_Others_vs_The_Union_Of_India_on_27_October_1960,State_Of_Kerala_vs_M_K_Krishnan_Nair_Ors_Andk_on_14_February_1978 | Makhan_Lal_Malhotra_And_Others_vs_The_Union_Of_India_on_27_October_1960,0.0,0.0,0.0,1
56,2,V_N_Vasudeva_vs_Seth_Kirorimal_Luhariwala_on_9_January_1964,"V_N_Vasudeva_vs_Seth_Kirorimal_Luhariwala_on_9_January_1964 | Nalinakhya Bysack And Anr. vs Shyam Sundar Halder And Ors. on 9 April, 1951","V_N_Vasudeva_vs_Seth_Kirorimal_Luhariwala_on_9_January_1964 | Nalinakhya Bysack And Anr. vs Shyam Sundar Halder And Ors. on 9 April, 1951",0.0,0.0,0.0,1
120,2,"Shital Singh And Ors. vs State Of Bihar on 23 September, 1970","Shital Singh And Ors. vs State Of Bihar on 23 September, 1970 | State v. Sheo Singh","Shital Singh And Ors. vs State Of Bihar on 23 September, 1970 | State v. Sheo Singh",0.0,0.0,0.0,1
117,2,"Luka Mathai (Dead) By Legal ... vs Neelakanta Iyer Subramonia Iyer on 26 May, 1970","Luka Mathai (Dead) By Legal ... vs Neelakanta Iyer Subramonia Iyer on 26 May, 1970 | Thakur Barmha v. Jiban Ram Marwari","Luka Mathai (Dead) By Legal ... vs Neelakanta Iyer Subramonia Iyer on 26 May, 1970 | Thakur Barmha v. Jiban Ram Marwari",0.0,0.0,0.0,1
135,2,Mathuralal_vs_Bhawarlal_Anr_on_13_September_1979,Mathuralal_vs_Bhawarlal_Anr_on_13_September_1979 | Chandu_Naik_Ors_vs_Sita_Ram_B_Naik_Anr_on_6_December_1977,Mathuralal_vs_Bhawarlal_Anr_on_13_September_1979 | Chandu_Naik_Ors_vs_Sita_Ram_B_Naik_Anr_on_6_December_1977,0.0,0.0,0.0,1
40,2,Commissioner_Of_Income_Tax_Madras_vs_M_K_Stremann_Madras_on_9_November_1964,"Commissioner_Of_Income_Tax_Madras_vs_M_K_Stremann_Madras_on_9_November_1964 | V. Ramaswami Ayyangar And K.R. ... vs The Commissioner Of Income-Tax on 16 November, 1949","Commissioner_Of_Income_Tax_Madras_vs_M_K_Stremann_Madras_on_9_November_1964 | V. Ramaswami Ayyangar And K.R. ... vs The Commissioner Of Income-Tax on 16 November, 1949",0.0,0.0,0.0,1
114,2,"Aluminium Corporation Of India vs Their Workmen on 14 February, 1969","Aluminium Corporation Of India vs Their Workmen on 14 February, 1969 | Workmen of Hindustan Motors, Ltd. v. Hindustan Motors, Ltd. and Anr.","Aluminium Corporation Of India vs Their Workmen on 14 February, 1969 | Workmen of Hindustan Motors, Ltd. v. Hindustan Motors, Ltd. and Anr.",0.0,0.0,0.0,1
110,2,P_Bhooma_Reddy_vs_State_Of_Mysore_Ors_on_5_December_1968,"P_Bhooma_Reddy_vs_State_Of_Mysore_Ors_on_5_December_1968 | Puvvada Venkata Subbayya vs Attar Sheik Mastan on 7 April, 1948","P_Bhooma_Reddy_vs_State_Of_Mysore_Ors_on_5_December_1968 | Puvvada Venkata Subbayya vs Attar Sheik Mastan on 7 April, 1948",0.0,0.0,0.0,1
109,2,Motibhai_Fulabhai_Patel_Co_vs_M_S_R_Prasad_And_Ors_on_30_October_1968,"Motibhai_Fulabhai_Patel_Co_vs_M_S_R_Prasad_And_Ors_on_30_October_1968 | Valimahomed Gulamhussain Sonavala And ... vs C.T.A. Pillai, Additional Collector Of ... on 18 December, 1959","Motibhai_Fulabhai_Patel_Co_vs_M_S_R_Prasad_And_Ors_on_30_October_1968 | Valimahomed Gulamhussain Sonavala And ... vs C.T.A. Pillai, Additional Collector Of ... on 18 December, 1959",0.0,0.0,0.0,1
108,2,Manager_M_S_Pyarchand_Kesarimal_vs_Omkar_Laxman_Thange_Ors_on_27_September_1968,"Manager_M_S_Pyarchand_Kesarimal_vs_Omkar_Laxman_Thange_Ors_on_27_September_1968 | Jestamani Gulabrai Dholkia And Others vs The Scindia Steam Navigation Company, ... on 30 November, 1960","Manager_M_S_Pyarchand_Kesarimal_vs_Omkar_Laxman_Thange_Ors_on_27_September_1968 | Jestamani Gulabrai Dholkia And Others vs The Scindia Steam Navigation Company, ... on 30 November, 1960",0.0,0.0,0.0,1
106,2,K_Manickchand_Ors_vs_Elias_Saleh_Mohamed_Sait_Anr_on_3_December_1968,"K_Manickchand_Ors_vs_Elias_Saleh_Mohamed_Sait_Anr_on_3_December_1968 | Vaishnu Dass And Ors. vs Thakar Dass on 8 October, 1952","K_Manickchand_Ors_vs_Elias_Saleh_Mohamed_Sait_Anr_on_3_December_1968 | Vaishnu Dass And Ors. vs Thakar Dass on 8 October, 1952",0.0,0.0,0.0,1
128,2,"S. M. Gopalakrishna Chetty vs Ganeshan & Ors on 11 August, 1975","S. M. Gopalakrishna Chetty vs Ganeshan & Ors on 11 August, 1975 | Raval and Co. v. K. G. 276 Ramachandra and others","S. M. Gopalakrishna Chetty vs Ganeshan & Ors on 11 August, 1975 | Raval and Co. v. K. G. 276 Ramachandra and others",0.0,0.0,0.0,1
