parent_community,subcommunity_id,size,top_label,top5_labels,top_betweenness_label
0,C0_S0,74,"Kesavananda Bharati Sripadagalvaru ... vs State Of Kerala And Anr on 24 April, 1973","Kesavananda Bharati Sripadagalvaru ... vs State Of Kerala And Anr on 24 April, 1973 | Rustom Cavasjee Cooper vs Union Of India on 10 February, 1970 | M_S_Ashoka_Smokeless_Coal_Ind_P_Ltd_vs_Union_Of_India_Ors_on_1_December_2006 | The_Barium_Chemicals_Ltd_And_Anr_vs_The_Company_Law_Board_And_Others_on_4_May_1966 | K_T_Plantation_Pvt_Ltd_Anr_vs_State_Of_Karnataka_on_9_August_2011","Kesavananda Bharati Sripadagalvaru ... vs State Of Kerala And Anr on 24 April, 1973"
0,C0_S1,72,Kartar_Singh_vs_State_Of_Punjab_on_11_March_1994,"Kartar_Singh_vs_State_Of_Punjab_on_11_March_1994 | Kehar Singh & Ors vs State (Delhi Admn.) on 3 August, 1988 | Sidhartha Vashisht @ Manu Sharma vs State (Nct Of Delhi) | Union_Of_India_vs_V_Sriharan_Murugan_Ors_on_2_December_2015 | Bachan_Singh_Etc_Etc_vs_State_Of_Punjab_Etc_Etc_on_16_August_1982",Kartar_Singh_vs_State_Of_Punjab_on_11_March_1994
0,C0_S10,33,Rameshwar_Prasad_Ors_vs_Union_Of_India_Anr_on_24_January_2006,"Rameshwar_Prasad_Ors_vs_Union_Of_India_Anr_on_24_January_2006 | State_Of_Rajasthan_Ors_Etc_Etc_vs_Union_Of_India_Etc_Etc_on_6_May_1977 | Supreme_Court_Employees__Welfare_vs_Union_Of_India_Uoi_And_Anr_on_24_July_1989 | Kihoto Hollohan vs Zachillhu And Others on 18 February, 1992 | State_Of_Karnataka_vs_Union_Of_India_Another_on_8_November_1977",Kalpana_Mehta_And_Ors_vs_Union_Of_India_And_Ors_on_9_May_2018
0,C0_S11,32,"Essential Commodities Act, 1955","Reserve Bank Of India vs Peerless General Finance & Investment ... on 22 January, 1987 | Union Of India & Anr vs Cynamide India Ltd. & Anr on 10 April, 1987 | State_Of_Madhya_Pradesh_Anr_vs_Thakur_Bharat_Singh_on_23_January_1967 | Oil_And_Natural_Gas_Commission_And_Anr_vs_Association_Of_Natural_Gas_Consuming_on_4_May_1990 | Maganbhai Ishwarbhai Patel vs Union Of India And Anr on 9 January, 1969",Dental Council Of India vs Biyani Shikshan Samiti
0,C0_S12,28,A_R_Antulay_vs_R_S_Nayak_Anr_on_29_April_1988,"A_R_Antulay_vs_R_S_Nayak_Anr_on_29_April_1988 | Union Carbide Corporation Etc. Etc vs Union Of India Etc. Etc on 3 October, 1991 | Supreme Court Bar Association vs Union Of India & Anr on 17 April, 1998 | Delhi Judicial Service Association Tis ... vs State Of Gujarat And Ors. Etc-Etc on 11 September, 1991 | Ashok Kumar Gupta , Vidya Sagar Gupta & ... vs State Of U.P. & Ors on 21 March, 1997",A_R_Antulay_vs_R_S_Nayak_Anr_on_29_April_1988
0,C0_S13,25,Art. 22%,"H. H. Maharajadhiraja Madhav Rao Jiwaji ... vs Union Of India on 15 December, 1970 | R. Pandian And Anothera. Deivendran Son ... vs State Of Tamil Naduthrough The ... on 21 October, 1997 | Additional District Magistrate, ... vs Shivakant Shukla on 28 April, 1976 | Dr_Ram_Manohar_Lohia_vs_State_Of_Bihar_And_Others_on_7_September_1965 | Additional District Magistrate, ... vs S. S. Shukla Etc. Etc on 28 April, 1976",Art. 22%
0,C0_S14,24,The_Commissioner_Hindu_Religious_vs_Sri_Lakshmindra_Thirtha_Swamiar_Of_Sri_on_16_April_1954,"The State Of Gujarat And Another vs Shri Ambica Mills Ltd., Ahmedabad, Etc on 26 March, 1974 | S_R_Bommai_vs_Union_Of_India_on_11_March_1994 | Indian_Young_Lawyers_Association_vs_The_State_Of_Kerala_on_28_September_2018 | Dr. M. Ismail Faruqui Etc, Mohd. Aslam, ... vs Union Of India And Others on 24 October, 1994 | S_P_Mittal_Etc_Etc_vs_Union_Of_India_And_Others_on_8_November_1982",S_R_Bommai_vs_Union_Of_India_on_11_March_1994
0,C0_S15,22,& 39,Mafatlal_Industries_Ltd_And_Ors_vs_Union_Of_India_Uoi_And_Ors_on_19_December_1996 | Vijay_Kumar_Sharma_Ors_Etc_vs_State_Of_Karnataka_Ors_Etc_on_27_February_1990 | Samatha_vs_State_Of_Andhra_Pradesh_And_Ors_on_11_July_1997 | State_Of_Karnataka_And_Anr_Etc_vs_Shri_Ranganatha_Reddy_Anr_Etc_on_11_October_1977 | Tinsukhia_Electric_Supply_Co_Ltd_vs_State_Of_Assam_And_Ors_on_13_April_1989,& 39
0,C0_S16,17,India Act,"Union of India v. Raghubir Singh | Union Of India vs H. S. Dhillon on 21 October, 1971 | Kerala State Electricity Board vs Indian Aluminium Co on 1 September, 1975 | Abhiram Singh vs C.D. Commachen (Dead) By Lrs.& Ors | Sub-Committee On Judicial ... vs Union Of India And Ors., Etc on 29 October, 1991",India Act
0,C0_S2,59,Art. 19 ( 1 ),"Justice_K_S_Puttaswamy_Retd_And_Anr_vs_Union_Of_India_And_Ors_on_24_August_2017 | Bennett Coleman & Co. & Ors vs Union Of India & Ors on 30 October, 1972 | Indian_Express_Newspapers_Bombay_vs_Union_Of_India_Ors_Etc_Etc_on_6_December_1984 | Har Shankar & Ors. Etc. Etc vs The Dy. Excise & Taxation Commr. & Ors on 21 January, 1975 | Shreya Singhal v. Union of India",Justice_K_S_Puttaswamy_Retd_And_Anr_vs_Union_Of_India_And_Ors_on_24_August_2017
0,C0_S3,48,", (4)","S_R_Bommai_And_Others_Etc_Etc_vs_Union_Of_India_And_Others_Etc_Etc_on_11_March_1994 | Maganlal Chhagganlal (P) Ltd vs Municipal Corporation Of Greater ... on 11 April, 1974 | State_Of_West_Bengal_vs_Union_Of_India_on_21_December_1962 | Govt. Of Nct Of Delhi vs Union Of India | State Of Tamil Nadu vs State Of Kerala & Anr",S_R_Bommai_And_Others_Etc_Etc_vs_Union_Of_India_And_Others_Etc_Etc_on_11_March_1994
0,C0_S4,44,"The Ahmedabad St. Xaviers College ... vs State Of Gujarat & Anr on 26 April, 1974","The Ahmedabad St. Xaviers College ... vs State Of Gujarat & Anr on 26 April, 1974 | Unni_Krishnan_J_P_And_Ors_Etc_Etc_vs_State_Of_Andhra_Pradesh_And_Ors_Etc_Etc_on_4_February_1993 | Ashoka_Kumar_Thakur_vs_Union_Of_India_Ors_on_10_April_2008 | Society For Un-Aided P.School Of Raj vs U.O.I & Anr | St. Stephen'S College vs University Of Delhi on 6 December, 1991",Unni_Krishnan_J_P_And_Ors_Etc_Etc_vs_State_Of_Andhra_Pradesh_And_Ors_Etc_Etc_on_4_February_1993
0,C0_S5,41,Maneka_Gandhi_vs_Union_Of_India_on_25_January_1978,Maneka_Gandhi_vs_Union_Of_India_on_25_January_1978 | Delhi_Transport_Corporation_vs_D_T_C_Mazdoor_Congress_on_4_September_1990 | Mrs_Maneka_Gandhi_vs_Union_Of_India_Uoi_And_Anr_on_25_January_1978 | Olga_Tellis_Ors_vs_Bombay_Municipal_Corporation_Ors_Etc_on_10_July_1985 | Charan_Lal_Sahu_Etc_Etc_vs_Union_Of_India_And_Ors_on_22_December_1989,Maneka_Gandhi_vs_Union_Of_India_on_25_January_1978
0,C0_S6,40,L_Chandra_Kumar_vs_Union_Of_India_And_Others_on_18_March_1997,L_Chandra_Kumar_vs_Union_Of_India_And_Others_on_18_March_1997 | Supreme_Court_Advocates_On_Record_vs_Union_Of_India_on_16_October_2015 | Indra_Sawhney_Etc_Etc_vs_Union_Of_India_And_Others_Etc_Etc_on_16_November_1992 | S_P_Gupta_vs_Union_Of_India_Anr_on_30_December_1981 | Madras_Bar_Association_vs_Union_Of_India_Anr_on_25_September_2014,Supreme_Court_Advocates_On_Record_vs_Union_Of_India_on_16_October_2015
0,C0_S7,40,State_Of_Punjab_And_Anr_vs_Devans_Modern_Brewaries_Ltd_And_Anr_on_20_November_2003,"State_Of_Punjab_And_Anr_vs_Devans_Modern_Brewaries_Ltd_And_Anr_on_20_November_2003 | Tilokchand Motichand & Ors vs H.B. Munshi & Anr on 22 November, 1968 | State_Of_West_Bengal_vs_Kesoram_Industries_Ltd_And_Ors_on_15_January_2004 | I_T_C_Limited_vs_Agricultural_Produce_Market_Committee_on_24_January_2002 | Jindal Stainless Ltd.& Anr vs State Of Haryana & Ors",Jindal Stainless Ltd.& Anr vs State Of Haryana & Ors
0,C0_S8,36,"Indira Nehru Gandhi vs Shri Raj Narain & Anr on 7 November, 1975","Indira Nehru Gandhi vs Shri Raj Narain & Anr on 7 November, 1975 | E. P. Royappa vs State Of Tamil Nadu & Anr on 23 November, 1973 | Justice_K_S_Puttaswamy_Retd_vs_Union_Of_India_on_26_September_2018 | Shayara_Bano_vs_Union_Of_India_And_Ors_Ministry_Of_Women_on_22_August_2017 | State Of Andhra Pradesh And Ors.Etc vs Mcdowell & Co.And Ors.Etc on 21 March, 1996",Justice_K_S_Puttaswamy_Retd_vs_Union_Of_India_on_26_September_2018
0,C0_S9,36,Bandhua_Mukti_Morcha_vs_Union_Of_India_Others_on_16_December_1983,"Bandhua_Mukti_Morcha_vs_Union_Of_India_Others_on_16_December_1983 | Common Cause, A Registered Society vs Union Of India & Ors on 3 August, 1999 | Siddharam Satlingappa Mhetre vs State Of Maharashtra And Ors on 2 December, 2010 | Lalita Kumari vs Govt.Of U.P.& Ors | Navtej Singh Johar vs Union Of India Ministry Of Law And ...",Bandhua_Mukti_Morcha_vs_Union_Of_India_Others_on_16_December_1983
1,C1_S0,66,Indian Registration Act,"Sulochana Amma vs Narayanan Nair on 24 September, 1993 | Kale & Others vs Deputy Director Of Consolidation Ors on 21 January, 1976 | Satya Pal Anand vs State Of M.P. And Ors | Ishwar Dass Jain (Dead) Thr. Lrs vs Sohan Lal (Dead)By Lrs on 29 November, 1999 | Bhoop Singh vs Ram Singh Major & Ors on 11 September, 1995",Indian Registration Act
1,C1_S1,57,Delhi Rent Control Act,"Nagindas Ramdas vs Dalpatram Ichharam @ Brijram And Ors on 30 November, 1973 | State Of Punjab (Now Haryana) And, Ors vs Amar Singh And Another on 21 January, 1974 | Inder Mohan Lal vs Ramesh Khanna on 4 August, 1987 | Nareshkumar Badrikumar Jagad And Ors. vs O P Singh And Ors. | SCC 169 and Tara Chand and Another v. Ram Prasad",Delhi Rent Control Act
1,C1_S10,27,"Punjab Security of Land Tenures Act, 1953","The_State_Of_Haryana_Through_Secretary_vs_Jai_Singh_And_Ors_Etc_Etc_on_7_April_2022 | Om Prakash And Ors. vs Union Of India (Uoi) And Ors. on 2 December, 1970 | Shyam Lal vs Deepa Dass Chela Ram Chela Garib Dass | Subhash Chand vs State Of Haryana & Ors on 16 December, 2010 | Shyam Lal vs Deepa Dass Chela Ram Chela Garib Dass",The_State_Of_Haryana_Through_Secretary_vs_Jai_Singh_And_Ors_Etc_Etc_on_7_April_2022
1,C1_S11,25,"Wakf Act, 1954","i) State of Andhra Pradesh v. A.P. Wakf Board | Ramesh Gobindram vs. Sugra Humayun Mirza Wakf | Punjab_Wakf_Board_vs_Sham_Singh_Harike_on_7_February_2019 | Kiran Devi vs Bihar State Sunni Wakf Board on 5 April, 2021 | Sayyed Ali And Ors vs Andhra Pradesh Wakf Board Hyderabad And ... on 28 January, 1998",i) State of Andhra Pradesh v. A.P. Wakf Board
1,C1_S12,24,Vinodchandra_Sakarlal_Kapadia_vs_State_Of_Gujarat_on_15_June_2020,Vinodchandra_Sakarlal_Kapadia_vs_State_Of_Gujarat_on_15_June_2020 | Vasant_Pratap_Pandit_vs_Dr_Anant_Trimbak_Sabnis_on_12_April_1994 | Bhavarlal Labhchand Shah v. Kanaiyalal Nathalal Intawala | Gaiv Dinshaw Irani & Ors vs Tehmtan Irani & Ors | Jaspal_Singh_vs_Additional_District_Judge_on_28_September_1984,Vinodchandra_Sakarlal_Kapadia_vs_State_Of_Gujarat_on_15_June_2020
1,C1_S13,22,Bombay Act,Chandavarkar_Sita_Ratna_Rao_vs_Ashalata_S_Guram_on_25_September_1986 | Sanwarmal_Kejriwal_vs_Vishwa_Cooperative_Housing_Society_on_8_March_1990 | Puran_Singh_Sahni_vs_Smt_Sundari_Bhagwandas_Kripalani_And_on_20_February_1991 | Hindustan_Petroleum_Corporation_Ltd_vs_Shyam_Co_Operative_Housing_Society_Ors_on_19_September_1988 | G_T_Girish_vs_Y_Subba_Raju_D_By_Lrs_on_18_January_2022,Chandavarkar_Sita_Ratna_Rao_vs_Ashalata_S_Guram_on_25_September_1986
1,C1_S14,22,Rent Control Act,"Malpe Vishwanath Acharya & Ors vs State Of Maharashtra & Anr on 19 December, 1997 | Satyawati_Sharma_Dead_By_Lrs_vs_Union_Of_India_Another_on_16_April_2008 | Asstt. Gen. Manager Central Bank Of ... vs Commissioner Municipal Corporation ... on 9 May, 1995 | Vasu_Dev_Singh_Ors_vs_Union_Of_India_Ors_on_7_November_2006 | Prabhakaran_Nair_Etc_vs_State_Of_Tamil_Nadu_And_Ors_on_3_September_1987",Rent Control Act
1,C1_S15,20,U.P. Zamindari Abolition and Land Reforms Act,"Budhan Singh & Anr vs Nabi Bux & Anr on 20 August, 1969 | Shivashankar Prasad Shah and Ors. v. Vaikunth Nath Singh and Ors. Civil Appeal No. | Shyam Singh vs Collector, District Hamirpur, U.P. And ... on 25 September, 1992 | U.P. State Sugar Corporation Ltd vs Dy. Director Of Consolidation & Ors. on 7 February, 2000 | Raj Kumar Mohan Singh & Ors vs Raj Kumar Pasupatinath Saran Singh & Ors on 19 April, 1968",U.P. Zamindari Abolition and Land Reforms Act
1,C1_S16,19,Delhi Municipal Corporation Act,"Maharaj Singh vs State Of Uttar Pradesh & Others on 2 November, 1976 | Anant Mills Co. Ltd vs State Of Gujarat & Ors on 21 January, 1975 | The Gujarat Agro Industries Co. Ltd vs Municipal Corporation Of City Of ... on 26 April, 1999 | Shyam Kishore And Others vs Municipal Corporation Of Delhi And ... on 3 September, 1992 | Lucknow_Nagar_Nigam_vs_Kohli_Brothers_Colour_Lab_Pvt_Ltd_on_22_February_2024","Maharaj Singh vs State Of Uttar Pradesh & Others on 2 November, 1976"
1,C1_S17,18,"Bombay Rents, Hotel and Lodging House Rates Control Act, 1947","Mathura Prasad Bajoo Jaiswal & Ors vs Dossibai N. B. Jeejeebhoy on 26 February, 1970 | Sushil Kumar Metha vs Gobind Ram Bohra on 10 November, 1989 | Life Insurance Corporation Of India vs India Automobiles And Co. And Ors on 1 August, 1990 | Jamia_Masjid_vs_K_V_Rudrappa_D_Th_Lrs_on_23_September_2021 | Canara Bank vs N.G. Subbaraya Setty","Life Insurance Corporation Of India vs India Automobiles And Co. And Ors on 1 August, 1990"
1,C1_S18,12,"Bihar Buildings (Lease, Rent and Eviction) Control Act, 1947","Budhwanti And Anr vs Gulab Chand Prasad on 4 March, 1987 | Smt. Kamala Devi Budhia and others v. Hem Prabha Ganguli and Others | Ambica Prasad vs Md. Alam And Anr on 8 April, 2015 | Ganpat_Ladha_vs_Sashikant_Vishnu_Shinde_on_21_February_1978 | Bhoja @ Bhoja Ram Gupta vs Rameshwar Agarwala And Ors on 16 March, 1993","Ambica Prasad vs Md. Alam And Anr on 8 April, 2015"
1,C1_S19,12,Easements Act,"Smt. Rajbir Kaur & Anr vs S. Chokesiri & Co on 9 August, 1988 | Capt. B.V.D Souza vs Antonio Fausto Fernandes on 1 August, 1989 | Pradeep Oil Corporation vs Municipal Corporation Of Delhi & Anr on 6 April, 2011 | Delta International Ltd vs Shyam Sunder Ganeriwalla And Anr on 9 April, 1999 | Qudrat Ullah vs Municipal Board, Barelly on 29 November, 1973","Smt. Rajbir Kaur & Anr vs S. Chokesiri & Co on 9 August, 1988"
1,C1_S2,55,Hindu Succession Act,"Harihar Prasad Singh And Ors vs Balmiki Prasad Singh And Ors on 10 December, 1974 | Chiranjilal Shrilal Goenka (Deceased) ... vs Jasjit Singh And Ors on 18 March, 1993 | Ram_Sarup_vs_Munshi_And_Others_And_Connected_on_30_August_1962 | Shyam Sunder And Others vs Ram Kumar And Another on 31 July, 2001 | Yudhishter vs Ashok Kumar on 11 December, 1986",Hindu Succession Act
1,C1_S20,11,Daryao_And_Others_vs_The_State_Of_U_P_And_Others_And_on_27_March_1961,"Dr. Subramanian Swamy vs State Of Tamil Nadu & Ors on 6 December, 2014 | Gulabchand_Chhotalal_Parikh_vs_State_Of_Bombay_Now_Gujarat_on_14_December_1964 | Kewal Chand Mimani (D) By Lrs vs S.K. Sem And Ors on 23 July, 2001 | Erach Boman Khavar vs Tukaram Sridhar Bhat & Ors on 12 December, 2013 | Arjun_Singh_vs_Mohindra_Kumar_Ors_on_13_December_1963","Dr. Subramanian Swamy vs State Of Tamil Nadu & Ors on 6 December, 2014"
1,C1_S21,11,"Sridevi & Ors vs. 
Jayaraja Shetty & Ors","Sridevi & Ors vs. 
Jayaraja Shetty & Ors | Sarabjit_Rick_Singh_vs_Union_Of_India_on_12_December_2007 | Benga Behera & Anr vs Braja Kishore Nanda & Ors | Anil Kak vs Kumari Sharada Raje & Ors | Savithri & Ors vs Karthyayani Amma & Ors",Benga Behera & Anr vs Braja Kishore Nanda & Ors
1,C1_S3,50,Dhulabhai and others v. The State of Madhya Pradesh and another,Church_Of_North_Of_India_vs_Lavajibhai_Ratanjibhai_Ors_on_3_May_2005 | State_Of_Tamil_Nadu_Etc_vs_Ramalinga_Samigal_Madam_Etc_on_1_May_1985 | Swamy_Atmananda_Ors_vs_Sri_Ramakrishna_Tapovanam_Ors_on_13_April_2005 | Vatticherukuru_Village_Panchayat_And_vs_Nori_Vekatrama_Deekshithulu_And_Ors_on_26_April_1991 | Sri_Vedagiri_Lakshmi_Narasimha_Swami_vs_Induru_Pattabhirami_Reddy_on_6_September_1966,State_Of_Tamil_Nadu_Etc_vs_Ramalinga_Samigal_Madam_Etc_on_1_May_1985
1,C1_S4,40,Amending Act,"Kulwant Kaur & Ors vs Gurdial Singh Mann (Dead) By Lrs & Ors on 21 March, 2001 | Smt. Parayankandiyal ... vs K. Devi & Ors on 26 April, 1996 | Provash Chandra Dalui & Anr vs Biswanath Banerjee & Anr on 3 April, 1989 | Raval & Co vs K. C. Ramachandran & Ors on 11 December, 1973 | Pankajakshi(Dead) Through L.Rs. & Ors vs Chandrika & Ors",Amending Act
1,C1_S5,36,"Uttar Pradesh Urban Buildings (Regulations of Letting, Rent and Eviction) Act, 1972","Shankara Co-Op. Housing Society Ltd vs M. Prabhakar & Ors | H. Shiva Rao And Anr. vs Cecilia Pereira And Ors. on 12 November, 1986 | Karam Kapahi & Ors vs M/S Lal Chand Public Charitabl ... | Pal_Singh_vs_Sunder_Singh_Dead_By_Lrs_Ors_on_10_January_1989 | D. Satyanarayana vs P. Jagadish on 15 September, 1987",Om Prakash And Anr vs Mishri Lal (Dead) Rep. By His Lr. Savitri ...
1,C1_S6,36,Transfer of Property Act,"Raptakos Brett And Co. Ltd vs Ganesh Property on 8 September, 1998 | Commissioner Of Income-Tax Bombay Etc vs Podar Cement Pvt. Ltd. Etc on 27 May, 1997 | Syed_Mohd_Salie_Labbai_Dead_By_L_Rs_vs_Mohd_Hanifs_Dead_By_L_Rs_And_Ors_on_22_March_1976 | Sankaranarayanan Potti (Dead) By L.Rs vs K. Sreedevi & Ors on 26 March, 1998 | Narandas Karsondas vs S.A. Kamtam & Anr on 7 December, 1976",Transfer of Property Act
1,C1_S7,31,"Ashoka Marketing Ltd. And Anr. Etc. Etc vs Punjab National Bank And Ors. Etc. Etc on 7 August, 1990","Ashoka Marketing Ltd. And Anr. Etc. Etc vs Punjab National Bank And Ors. Etc. Etc on 7 August, 1990 | Accountant_And_Secretarial_Services_vs_Union_Of_India_Ors_on_20_July_1988 | New India Assurance Company Ltd vs Nusli Neville Wadia And Another | Ramesh Birch & Ors. Etc vs Union Of India & Ors. Etc on 21 April, 1989 | Karnataka State Financial Corporation vs N. Narasimahaiah & Ors",Banatwala_Company_vs_L_I_C_Of_India_Anr_on_19_August_2010
1,C1_S8,29,"Om Prakash Gupta Vs. Ranbir B. Goyal (Civil
Appeal No.5460","Om Prakash Gupta Vs. Ranbir B. Goyal (Civil
Appeal No.5460 | J.J. Lal Pvt. Ltd. & Ors  v.
M.R. Murali and Anr | National_Textile_Corp_Ltd_vs_Nareshkumar_Badrikumar_Jagad_Ors_on_5_September_2011 | Majati Subbarao vs P.K.K. Krishna Rao (Deceased) By Lrs on 19 September, 1989 | Bondar Singh 
& Ors. vs. Nihal Singh & Ors.",National_Textile_Corp_Ltd_vs_Nareshkumar_Badrikumar_Jagad_Ors_on_5_September_2011
1,C1_S9,29,"Maharashtra State Financial ... vs Jaycee Drugs And Pharmaceuticals Pvt. ... on 19 February, 1991","Maharashtra State Financial ... vs Jaycee Drugs And Pharmaceuticals Pvt. ... on 19 February, 1991 | P.S. Sathappan (Dead) By Lrs vs Andhra Bank Ltd. & Ors | Lic vs Nandini J. Shah . | State Of Orissa & Others vs Commissioner Of Land Records & ... on 27 August, 1998 | The Board Of Trustees Of The Port Of ... vs M/S Sriyanesh Knitters on 30 July, 1999",Lic vs Nandini J. Shah .
2,C2_S0,66,Indore_Development_Authority_vs_Manoharlal_And_Ors_Etc_on_6_March_2020,"Indore_Development_Authority_vs_Manoharlal_And_Ors_Etc_on_6_March_2020 | Union of India & Others v. Shiv Raj & Others | Indore Development Authority vs Shailendra (Dead) Through Its Lrs. And ... | Narmada Bachao Andolan vs State Of M.P. & Anr | Banda Development Authy, Banda vs Moti Lal Agarwal & Ors on 26 April, 2011",Indore_Development_Authority_vs_Manoharlal_And_Ors_Etc_on_6_March_2020
2,C2_S1,53,Hindustan Petroleum Corpn. Ltd vs Darius Shapur Chenai & Ors,"Hindustan Petroleum Corpn. Ltd vs Darius Shapur Chenai & Ors | Union Of India & Ors vs Krishan Lal Arneja & Ors | Trust Vs. 

State of Haryana & Ors. | Om Prakash & Anr vs State Of U.P. & Ors on 15 July, 1998 | Anand Singh & Anr vs State Of U.P. & Ors",Hindustan Petroleum Corpn. Ltd vs Darius Shapur Chenai & Ors
2,C2_S10,29,South_Eastern_Coalfields_Ltd_vs_State_Of_M_P_And_Ors_on_13_October_2003,"South_Eastern_Coalfields_Ltd_vs_State_Of_M_P_And_Ors_on_13_October_2003 | Punjab State Electricity Board Ltd vs Zora Singh & Ors | Karnal Improvement Trust, Karnal vs Smt. Parkash Wanti (Dead) And Anr on 9 May, 1995 | State Of Ap & Ors vs Goverdhanlal Pitti | Kalabharati Advertising vs Hemant Vimalnath Narichania & Ors",South_Eastern_Coalfields_Ltd_vs_State_Of_M_P_And_Ors_on_13_October_2003
2,C2_S11,28,Dr_G_H_Grant_vs_State_Of_Bihar_on_30_March_1965,"Dr_G_H_Grant_vs_State_Of_Bihar_on_30_March_1965 | Brij_Behari_Sahai_Dead_Through_L_Rs_vs_State_Of_Uttar_Pradesh_on_28_November_2003 | Col. Sir Harinder Singh Brar Bans ... vs Bihari Lal And Ors. on 18 March, 1994 | Rajasthan Housing Board vs New Pink City Nirman Sahka.Sam.Ld.& Anr | May George vs Special Tahsildar & Ors on 25 May, 2010",Rajasthan Housing Board vs New Pink City Nirman Sahka.Sam.Ld.& Anr
2,C2_S12,27,Collector of Lakhimpur v. B.C. Dutta,"D.D.A vs Bholanath Sharma(Dead) By Lrs. & Ors | U_P_Awas_Evam_Vikas_Parishad_vs_Gyan_Devi_Dead_By_L_Rs_And_Ors_on_20_October_1994 | Union Of India vs Sher Singh And Ors on 28 January, 1993 | Himalayan_Tiles_Marbles_P_Ltd_vs_Francis_Victor_Coutinho_Dead_By_Lrs_on_28_March_1980 | M/S. Neyvely Lignite Corpn. Ltd vs Special Tahsildar(Land Acquisition) ... on 19 October, 1994",D.D.A vs Bholanath Sharma(Dead) By Lrs. & Ors
2,C2_S13,23,"Collector, Land Acquisition, Anantnag
&  Anr.	 vs.  Mst.Katiji & Ors.","State Of Bihar & Ors vs Kameshwar Prasad Singh & Anr on 27 April, 2000 | Gursharan Singh & Ors. Etc. Etc vs New Delhi Municipal Committee & Ors on 2 February, 1996 | Office Of The Chief Post Master & Ors vs Living Media India Ltd.& Anr on 24 February, 2012 | Raza_Buland_Sugar_Co_Ltd_vs_Municlpal_Board_Rampur_on_30_October_1964 | Sarup Singh & Anr vs Union Of India & Anr on 25 November, 2010","Collector, Land Acquisition, Anantnag
&  Anr.	 vs.  Mst.Katiji & Ors."
2,C2_S14,22,Govt. Of A.P. & Anr vs Syed Akbar,"Govt. Of A.P. & Anr vs Syed Akbar | Sulochana Chandrakant Galande vs Pune Municipal Transport & Ors | M/S Delhi Airtech Services Pvt. ... vs State Of U.P. & Anr | State Of Himachal Pradesh vs Tarsem Singh And Others on 4 September, 2001 | Omprakash_Verma_Ors_vs_State_Of_A_P_Ors_on_8_October_2010",M/S Delhi Airtech Services Pvt. ... vs State Of U.P. & Anr
2,C2_S15,17,"Urban Land (Ceiling and Regulation) Act, 1976","Ritesh Tewari & Anr vs State Of U.P.& Ors | Vipinchandra Vadilal Bavishi (D) By Lrs ... vs State Of Gujarat & Ors | Van Vibhag K.G.N.Sahkari ... vs Ramesh Chander & Ors on 19 October, 2010 | M/S A.P. Electrical Equipment ... vs The Tahsildar on 27 February, 2025 | Tamil Nadu Housing Board vs A. Viswam (Dead) By Lrs on 9 February, 1996","M/S A.P. Electrical Equipment ... vs The Tahsildar on 27 February, 2025"
2,C2_S16,13,"Shyam Nandan Prasad And Ors. vs State Of Bihar And Ors. on 13 August, 1993","Shyam Nandan Prasad And Ors. vs State Of Bihar And Ors. on 13 August, 1993 | Dlf Universal Ltd. & Anr vs Director, T.&C. Planning Haryana & Ors | New Reviera Co-Op. Housing Society & ... vs Special Land Acquisition Officer & Ors. ... on 4 December, 1995 | Haryana Urban Development Authority vs Abhishek Gupta Etc on 21 October, 2024 | Rameshwar vs State Of Haryana","Haryana Urban Development Authority vs Abhishek Gupta Etc on 21 October, 2024"
2,C2_S17,12,"Raja Vyricherla Gajapatiraju v. The Revenue Divisional Officer, Vizagapatam","State Of Gujarat Etc vs Vakhtsinghji Sursinghji Vaghela & Ors. ... on 8 April, 1968 | Khub_Chand_And_Ors_vs_State_Of_Rajasthan_Ors_on_22_August_1966 | Hansraj H. Jain vs State Of Maharashtra And Ors. on 14 July, 1993 | State Of Tamil Nadu & Anr. Etc vs Mahalakshmi Ammal & Ors. Etc on 16 November, 1995 | J&K Housing Board & Anr vs Kanwar Sanjay Krishan Kaul & Ors","Hansraj H. Jain vs State Of Maharashtra And Ors. on 14 July, 1993"
2,C2_S2,51,State of Gujarat v. Shantilal Mangaldas and Ors.,"Nagpur Improvement Trust And Another vs Vithal Rao And Others on 11 December, 1972 | Union Of India & Ors vs Dhanwanti Devi & Ors on 21 August, 1996 | Chairman, Indore Vikas Pradhikaran vs M/S Pure Industrial Cock & Chem. Ltd. & ... | Union Of India (Uoi) vs Hari Krishan Khosla (Dead) By Lrs. on 16 September, 1992 | Ravindra Ramchandra Waghmare vs Indore Mun.Corp.& Ors",Assocn_Of_Vasanth_Appts_Owners_vs_V_Gopinanth_And_Ors_on_13_February_2023
2,C2_S3,47,"Land Acquisition Act, 1894","Union Of India And Ors vs Filip Tiago De Gama Of Vedem Vasco De Gama on 30 November, 1989 | State Of Maharashtra vs Digambar on 12 May, 1995 | Ratan Kumar Tandon & Ors vs State Of Uttar Pradesh on 1 August, 1996 | K_S_Paripoornan_vs_State_Of_Kerala_on_12_September_1994 | Babua Ram And Ors vs State Of U.P. And Anr on 4 October, 1994","Land Acquisition Act, 1894"
2,C2_S4,38,"Right to Fair Compensation and Transparency in Land Acquisition, Rehabilitation and Resettlement Act, 2013","T_Vijendradas_Another_vs_M_Subramanian_Others_on_9_October_2007 | Union Of India vs Tarsem Singh | The Project Director National Highways ... vs M. Hakeem | The Project Director Project ... vs P.V. Krishnamoorthy | State Of U.P. & Ors vs Maharaja Dharmander Prasad Singh Etc on 17 January, 1989",Kolkata Municipal Corporation vs Bimal Kumar Shah
2,C2_S5,37,The Bombay Town Planning Act,"M_S_Girnar_Traders_vs_State_Of_Maharashtra_Ors_on_11_January_2011 | Bondu Ramaswamy v. Bangalore Development Authority and Others | Raju S. Jethmalani  v. State of Maharashtra | Bangalore Medical Trust vs B.S. Muddappa And Ors on 19 July, 1991 | Offshore Holdings P.Ltd vs Bangalore Devt,Authority & Ors",Bondu Ramaswamy v. Bangalore Development Authority and Others
2,C2_S6,34,"Delhi Administration vs Gurdip Singh Uban And Ors. Etc on 18 August, 2000","Delhi Administration vs Gurdip Singh Uban And Ors. Etc on 18 August, 2000 | Meera Sahni vs Lt. Governor Of Delhi & Ors on 15 July, 2008 | Govt. Of Nct Of Delhi vs Manav Dharam Trust & Anr | Delhi Development Authority vs Godfrey Phillips (I) Ltd. on 6 May, 2022 | Om_Parkash_vs_Union_Of_India_Ors_on_8_February_2010","Government Of Nct Of Delhi vs M/S Bsk Realtors Llp on 17 May, 2024"
2,C2_S7,34,"West Bengal Housing Board Etc vs Brijendra Prasad Gupta & Ors. Etc on 9 July, 1997","West Bengal Housing Board Etc vs Brijendra Prasad Gupta & Ors. Etc on 9 July, 1997 | State Of Karnataka & Anr vs All India Manufacturers Organization & ... | Housing Board Of Havana vs Havana Housing Board Employees Union ... on 30 October, 1995 | Smt_Somavanti_And_Others_vs_The_State_Of_Punjab_And_Others_And_on_2_May_1962 | Sooraram_Pratap_Reddy_Ors_vs_Distt_Collector_Ranga_Reddy_Dist_on_5_September_2008",Kedar_Nath_Yadav_vs_State_Of_West_Bengal_Ors_on_31_August_2016
2,C2_S8,29,"M/S Hindustan Times Limited vs Union Of India & Others on 7 January, 1998","M/S Hindustan Times Limited vs Union Of India & Others on 7 January, 1998 | State Of Gujarat vs Patel Raghav Natha & Ors on 21 April, 1969 | Ram Chand And Ors. vs Union Of India (Uoi) And Ors. on 30 September, 1993 | State_Of_Madhya_Pradesh_And_Ors_vs_Vishnu_Prasad_Sharma_And_Ors_on_9_February_1966 | M/S Larsen & Toubro Ltd vs State Of Gujarat & Ors on 18 March, 1998","M/S Hindustan Times Limited vs Union Of India & Others on 7 January, 1998"
2,C2_S9,29,K.K. Bhalla vs State Of M.P. & Ors,"K.K. Bhalla vs State Of M.P. & Ors | M.I. Builders Pvt. Ltd vs Radhey Shyam Sahu And Others on 26 July, 1999 | The_State_Of_Odisha_vs_Anup_Kumar_Senapati_on_16_September_2019 | Manohar Lal (D) By Lrs vs Ugrasen (D) By Lrs. & Ors | Jalandhar Improvement Trust vs Sampuran Singh on 1 April, 1999",K.K. Bhalla vs State Of M.P. & Ors
3,C3_S0,156,"Delhi Development Authority vs Tejpal on 17 May, 2024","Delhi Development Authority vs Tejpal on 17 May, 2024 | Union of India & Ors. v. L.D. Balam Singh | GOVT. OF NCT OF DELHI vs. BEENA GUPTA [D. No. | GOVT OF NCT OF DELHI vs. TARA KAUR SARANG [D. No. | DELHI DEVELOPMENT AUTHORITY vs. GURSHARAN SINGH CHHABRA [D.No.38953/","Delhi Development Authority vs Tejpal on 17 May, 2024"
3,C3_misc,309,DELHI DEVELOPMENT AUTHORITY vs. SHIV LAL [D.No.39883/2022,DELHI DEVELOPMENT AUTHORITY vs. SHIV LAL [D.No.39883/2022 | LAND AND BUILDING DEPARTMENT vs. SHRAVAN GUPTA [D. No. | GOVT. OF NCT OF DELHI vs. MADAN MOHAN SARAFF [D.No.13368/2023 | DELHI DEVELOPMENT AUTHORITY vs. NAFIS AHMAD SIDDIQUI 123 [D.No.13481/2023 | GOVERNMENT OF NCT OF DELHI vs. RAJEEV KHANNA [D. No.,DELHI DEVELOPMENT AUTHORITY vs. SHIV LAL [D.No.39883/2022
4,C4_S0,247,Union_Of_India_vs_Pramod_Gupta_D_By_Lrs_Ors_on_7_September_2005,"Union_Of_India_vs_Pramod_Gupta_D_By_Lrs_Ors_on_7_September_2005 | Prem Chand vs. State of Haryana | Bhooria 
& Ors. vs. Union of India | 1982) 3 SCC 
408] Ghaziabad Development Authority Vs. Anoop Singh and Another | M.Mohan vs Assistant Executive Engineer",Union_Of_India_vs_Pramod_Gupta_D_By_Lrs_Ors_on_7_September_2005
4,C4_S1,32,Union Of India (Uoi) vs Pramod Gupta (D) By L.Rs. And Ors.,"Union Of India (Uoi) vs Pramod Gupta (D) By L.Rs. And Ors. | Supdt. Of Taxes, Dhubri & Ors vs Onkarmal Nathmal Trust Etc. Etc on 1 May, 1975 | U.P. Land Development Corporation & Anr vs Mohd. Khursheed Anwar & Anr on 5 July, 2010 | M.S. Narayana Menon @ Mani vs State Of Kerala & Anr | State, Cbi vs Sashi Balasubramanian & Anr",Union Of India (Uoi) vs Pramod Gupta (D) By L.Rs. And Ors.
4,C4_S2,18,"Baldev Singh and Ors. vs. 
Manohar Singh and Another","Baldev Singh and Ors. vs. 
Manohar Singh and Another | Gautam Sarup vs Leela Jetly And Ors | Steel Authority Of India Ltd vs Union Of India & Ors | Bollepanda P. Poonacha & Anr vs K.M. Madapa | Usha Balashaheb Swami & Ors vs Kiran Appaso Swami & Ors","Baldev Singh and Ors. vs. 
Manohar Singh and Another"
4,C4_S3,13,Nirmala Sahu vs State Of Chhattisgarh 40 Wps/432/2017 ...,"Nirmala Sahu vs State Of Chhattisgarh 40 Wps/432/2017 ... | Section 9 in The Punjab Tenancy Rules | Baban Balaji More (D) By Lrs. vs Babaji Hari Shelar (D) By Lrs. on 14 March, 2024 | Section 14 in The Punjab Tenancy Rules | Under the Bombay Hereditary Offices Act, 1874","Baban Balaji More (D) By Lrs. vs Babaji Hari Shelar (D) By Lrs. on 14 March, 2024"
4,C4_S4,11,Ashok Leland Ltd vs State Of Tamil Nadu And Anr,"Ashok Leland Ltd vs State Of Tamil Nadu And Anr | Bar Council Of India vs High Court Of Kerala | S.N. Chandrashekar And Anr vs State Of Karnataka And Ors | Sri Ramnik Vallabhdas Madhvani And Ors vs Taraben Pravinlal Madhvani | Divisional Manager, Plantation ... vs Munnu Barrick And Ors.",Ashok Leland Ltd vs State Of Tamil Nadu And Anr
4,C4_S5,10,M/S. National Insurance Co. Ltd vs Baljit Kaur And Ors,M/S. National Insurance Co. Ltd vs Baljit Kaur And Ors | National Insurance Co. Ltd vs Laxmi Narain Dhut | Oriental Insurance Co. Ltd vs Brij Mohan & Ors | National Insurance Co. Ltd vs V. Chinnamma & Ors | The Oriental Insurance Company Limited vs Meena Variyal & Ors,National Insurance Co. Ltd vs Laxmi Narain Dhut
4,C4_misc,51,Sh. Ashok Kumar vs Union Of India Through,Sh. Ashok Kumar vs Union Of India Through | T.Arunkumar vs The Assistant Elementary Education ... | Kathiravan vs The Special Commissioner And Director | D.Raja vs The Director Of Municipal ... | K.Subash vs The Secretary To Government,Sh. Ashok Kumar vs Union Of India Through
5,C5_S0,40,Specific Relief Act,"Saradamani Kandappan vs S. Rajalakshmi & Ors on 4 July, 2011 | P. D'Souza vs Shondrilo Naidu | K. Narendra vs Riviera Apartments (P) Ltd on 24 May, 1999 | Manzoor Ahmed Margray vs Gulam Hassan Aram & Ors on 5 October, 1999 | Ferrodous Estates (Pvt) Ltd. vs P.Gopirathnam (Dead) And Ors.",Specific Relief Act
5,C5_S1,39,Limitation Act,"Mukri Gopalan vs Cheppilat Puthanpurayil Aboobacker on 12 July, 1995 | M.P. Steel Corporation vs Commnr. Of Central Excise on 23 April, 2015 | State_Of_Maharashtra_vs_M_S_Hindustan_Construction_Co_Ltd_on_1_April_2010 | The Officer On Special Duty(Land ... vs Shah Manilal Chandulal Etc on 9 February, 1996 | M/S Umesh Goel vs Himachal Pradesh Cooperative Group ...",Limitation Act
5,C5_S10,17,"T. 
Arivandandam v. T.V. Satyapal and Anr.","Dahiben vs Arvindbhai Kalyanji Bhanusali (Gajra) ... | Madanuri Sri Rama Chandra Murthy vs Syed Jalal | Sri Biswanath Banik vs Sulanga Bose on 14 March, 2022 | Saurav Jain vs M/S A.B.P. Design | Azhar_Hussain_vs_Rajiv_Gandhi_on_25_April_1986",Saurav Jain vs M/S A.B.P. Design
5,C5_S11,14,"P. Ravindranath vs Sasikala on 15 July, 2024","P. Ravindranath vs Sasikala on 15 July, 2024 | Rajesh Kumar vs Anand Kumar on 17 May, 2024 | Sughar Singh vs Hari Singh (Dead) Through Lrs. on 26 October, 2021 | Man Kaur(Dead)By Lrs vs Hartar Singh Sangha | 5) Azhar Sultana Vs. B. Rajamani","P. Ravindranath vs Sasikala on 15 July, 2024"
5,C5_S12,14,Motilal and Chhotelal v. Rewa Coalfields Ltd.,"Government Of Maharashtra, (Water ... vs M/S Borse Brothers Engineers And ... | Parimal vs Veena @ Bharti on 8 February, 2011 | Pathapati Subba Reddy (Died) By Lrs And ... vs Special Deputy Collector (La) on 8 April, 2024 | Manindra_Land_And_Buildingcorporation_vs_Bhutnath_Banerjee_And_Others_on_2_May_1963 | State Of West Bengal vs Administrator, Howrah Municipality & ... on 14 December, 1971","Government Of Maharashtra, (Water ... vs M/S Borse Brothers Engineers And ..."
5,C5_S13,12,Aliyathammuda Beethathebiyyappura ... vs Pattakal Cheriyakoya .,"Aliyathammuda Beethathebiyyappura ... vs Pattakal Cheriyakoya . | Section 25 in The Limitation Act, 1963 | 81- | Bala_Shankar_Mama_Shankar_Bhattjee_And_vs_Charity_Commissioner_Gujarat_State_on_17_August_1994 | Sabir Ali Khan vs Syed Mohd. Ahmad Ali Khan",Aliyathammuda Beethathebiyyappura ... vs Pattakal Cheriyakoya .
5,C5_S14,11,Konda_Lakshmana_Bapuji_vs_Govt_Of_Andhra_Pradesh_Ors_on_29_January_2002,"Konda_Lakshmana_Bapuji_vs_Govt_Of_Andhra_Pradesh_Ors_on_29_January_2002 | Andhra Pradesh Land Grabbing (Prohibition) Act, 1982 | M/S Kaushik Coop.Building Society vs N.Parvathamma & Ors | Om Prakash Singh vs M.Lingamaiah & Ors | Section 11 in Andhra Pradesh Land Grabbing (Prohibition) Act, 1982",Konda_Lakshmana_Bapuji_vs_Govt_Of_Andhra_Pradesh_Ors_on_29_January_2002
5,C5_S15,10,"Hindu Marriage Act, 1955","Satish Chander Ahuja vs Sneha Ahuja | N.Rajendran vs S.Valli on 3 February, 2022 | Mohd. Asif Naseer vs West Watch Company Through Its ... | Rajnesh vs Neha | Rinku Baheti vs Sandesh Sharda on 19 December, 2024","N.Rajendran vs S.Valli on 3 February, 2022"
5,C5_S16,9,Kirpa Ram (D) Tr.Lrs. . vs Surender Deo Gaur,Kirpa Ram (D) Tr.Lrs. . vs Surender Deo Gaur | Chandragouda And Anr. vs Shekharagouda S. Pittanagoudar (Dead) ... | South Delhi Municipal Corporation vs M/S. Today Homes And Infrastructure ... | Madhavan Nair vs Ramankutty And Anr. | Hubli Dharwar Municipal Corporation ... vs H.S.Mohd.Khan (Dead) By Lrs. & Ors,Kirpa Ram (D) Tr.Lrs. . vs Surender Deo Gaur
5,C5_S2,31,Nagubai Ammal and Ors. v. B. Shama Rao and Ors.,"Vidur Impex & Traders Pvt.Ltd.& Ors vs Tosh Apartments Pvt.Ltd.& Ors | Sarvinder Singh vs Dalip Singh & Ors on 2 August, 1996 | Sanjay Verma vs Manik Roy And Ors | Ramesh Hiranand Kundanmal vs Municipal Corporation Of Greater ... on 4 March, 1992 | Dhurandhar Prasad Singh vs Jai Prakash University And Ors on 24 July, 2001",Thomson Press (India) Ltd vs Nanak Builders & Investrs.P.Ltd & Ors
5,C5_S3,31,"Delhi Land Reforms Act, 1954","Khatri Hotels P.Ltd.& Anr vs Union Of India & Anr on 9 September, 2011 | Union_Of_India_vs_Ibrahim_Uddin_Anr_on_17_July_2012 | Basayya I. Mathad vs Rudrayya S. Mathad & Ors | Syed_Abdul_Khader_vs_Rami_Reddy_And_Ors_on_29_November_1978 | Mahabir Prasad vs Jage Ram & Ors on 6 January, 1971",Union_Of_India_vs_Ibrahim_Uddin_Anr_on_17_July_2012
5,C5_S4,29,P.T. Munichikkanna Reddy & Ors vs Revamma And Ors,P.T. Munichikkanna Reddy & Ors vs Revamma And Ors | Md. Mohammad Ali (Dead) By Lrs vs Sri Jagadish Kalita & Ors | Ravinder Kaur Grewal vs Manjit Kaur | M Siddiq (D) Thr Lrs vs Mahant Suresh Das & Ors | S_M_Karim_vs_Mst_Bibi_Sakina_on_14_February_1964,M Siddiq (D) Thr Lrs vs Mahant Suresh Das & Ors
5,C5_S5,28,Jharkhand State Housing Board vs Shri Didar Singh,"Jharkhand State Housing Board vs Shri Didar Singh | Nair_Service_Society_Ltd_vs_Rev_Father_K_C_Alexander_Ors_on_12_February_1968 | Union Of India & Ors vs Vasavi Co-Op. Housing Society Ltd. & Ors on 7 January, 2014 | Nagar_Palika_Jind_vs_Jagat_Singh_Advocate_on_28_March_1995 | Maria Margadia Sequeria Fernandes & Ors vs Erasmo Jack De Sequeria (D) Tr.Lrs.& Ors","The State Of Punjab vs Bhagwantpal Singh Alias Bhagwant Singh ... on 10 July, 2024"
5,C5_S6,20,"N.V. Srinivasa 
Murthy v. Mariyamma","N.V. Srinivasa 
Murthy v. Mariyamma | Popat And Kotecha Property vs State Bank Of India Staff Association | Ramesh_B_Desai_And_Others_vs_Bipin_Vadilal_Mehta_And_Others_on_11_July_2006 | Ittavira_Mathai_vs_Varkey_Varkey_And_Another_on_15_January_1963 | Nusli Neville Wadia vs Ivory Properties",Nusli Neville Wadia vs Ivory Properties
5,C5_S7,20,Barasat Eye Hospital Thr. Its Rep. vs Kaustabh Mondal,Barasat Eye Hospital Thr. Its Rep. vs Kaustabh Mondal | B_L_Sreedhar_Ors_vs_K_M_Munireddy_Dead_And_Ors_on_5_December_2002 | Bishan_Singh_Others_vs_Khazan_Singh_Another_on_20_May_1958 | Indira Bai v. Nand Kishore | Ram_Saran_Lall_And_Others_vs_Mst_Domini_Kuer_And_Others_on_27_April_1961,Barasat Eye Hospital Thr. Its Rep. vs Kaustabh Mondal
5,C5_S8,20,"Code of Civil Procedure (Amendment) Act, 1950","Shreenath & Another vs Rajesh & Others on 13 April, 1998 | Usha Sinha vs Dina Ram & Ors on 14 March, 2008 | Sameer Singh & Anr vs Abdul Rab & Ors on 14 October, 2014 | Maya Devi vs Lalta Prasad on 19 February, 2014 | Noorduddin vs Dr. K.L. Anand on 6 October, 1994","Periyammal (Dead Thr. Lrs.) vs V. Rajamani And Anr. Etc on 6 March, 2025"
5,C5_S9,19,"Santosh Hazari vs Purushottam Tiwari (Dead) By Lrs on 8 February, 2001","Santosh Hazari vs Purushottam Tiwari (Dead) By Lrs on 8 February, 2001 | Kshitish Chandra Purkait vs Santosh Kumar Purkait & Ors on 7 May, 1997 | Vidhyadhar vs Manikrao & Anr. on 17 March, 1999 | Nazir Mohamed vs J.Kamala And Ors. | Panchugopal Barua & Ors vs Umesh Chandra Goswami & Ors on 12 February, 1997","Santosh Hazari vs Purushottam Tiwari (Dead) By Lrs on 8 February, 2001"
5,C5_misc,8,Bishna @ Bhiswadeb Mahato & Ors vs State Of West Bengal,"Bishna @ Bhiswadeb Mahato & Ors vs State Of West Bengal | K.T. Huchegowda vs Deputy Commissioner on 18 March, 1994 | Swaran Singh And Others vs State Of Punjab And Others on 12 April, 1994 | Kailash vs State Of M.P | Ramjee Rai & Ors vs State Of Bihar","K.T. Huchegowda vs Deputy Commissioner on 18 March, 1994"
6,C6_S0,89,Deputy_Director_Land_Acquisition_vs_Malla_Atchinaidu_And_Ors_on_12_December_2006,"Deputy_Director_Land_Acquisition_vs_Malla_Atchinaidu_And_Ors_on_12_December_2006 | Jayalakshmi Coelho vs Oswald Joseph Coelho on 28 February, 2001 | State
of Punjab v. Darshan Singh | State of Haryana v.
Gurcharan Singh and Anr | 1996) 11 S.C.C.  528 State of Bihar	 and
another	 versus Nilmani Sahu and another",Deputy_Director_Land_Acquisition_vs_Malla_Atchinaidu_And_Ors_on_12_December_2006
6,C6_S1,89,Lucknow Development Authority vs Krishna Gopal Lahoti And Ors,Lucknow Development Authority vs Krishna Gopal Lahoti And Ors | The Land Acquisition Officer vs Thekkiammal @ Thiruppathiammal | The Special Tahsildar (La) vs M.Eswari Ammal | The Special Tahsildar(L.A.) vs V.N.Palani Chetty | The Land Acquisition Officer vs Munusamy,Lucknow Development Authority vs Krishna Gopal Lahoti And Ors
6,C6_S2,33,"Administrator General Of West Bengal vs Collector, Varanasi on 16 February, 1988","Administrator General Of West Bengal vs Collector, Varanasi on 16 February, 1988 | Smt. Basavva & Ors. Etc vs The Spl. Land Acquisition Officer & Ors on 15 March, 1996 | Chimanlal Hargovinddas vs Special Land Acquisition Officer, ... on 21 July, 1988 | Chandrashekar (D) By Lrs. & Ors vs Land Acquisition Officer & Anr | Special Land Acquisition Officer & Anr. vs. M.K. Rafiq Sahib","Administrator General Of West Bengal vs Collector, Varanasi on 16 February, 1988"
6,C6_S3,31,Raghubans_Narain_Singh_vs_The_Uttar_Pradesh_Government_Through_on_23_September_1966,"Raghubans_Narain_Singh_vs_The_Uttar_Pradesh_Government_Through_on_23_September_1966 | Mehrawal Khewaji Trust(Regd) ... vs State Of Punjab & Ors on 27 April, 2012 | Collector_Raigarh_vs_Dr_Harisingh_Thakur_Anr_And_Vice_on_27_October_1978 | Himmat_Singh_And_Ors_vs_State_Of_M_P_And_Anr_on_29_November_2013 | Sagunthala(Dead) Thr. Lrs vs Special Tahsildar (L.A.) & Ors",Himmat_Singh_And_Ors_vs_State_Of_M_P_And_Anr_on_29_November_2013
6,C6_S4,26,"Spl.Land Acquisition Officer vs Karigowda & Ors on 26 April, 2010","Spl.Land Acquisition Officer vs Karigowda & Ors on 26 April, 2010 | Kazi Akiloddin vs State Of Maharashtra on 10 July, 2024 | Chanabasappa vs Karnataka Neeravari Nigam Ltd. And ... | M/S. Faridabad Gas Power Project,Ntpcl vs Om Prakash & Ors | Basant Kumar and Ors. v. Union of India and Ors.","Kazi Akiloddin vs State Of Maharashtra on 10 July, 2024"
6,C6_S5,22,Secretary v.   Bipin Kumar and Anr.,"Secretary v.   Bipin Kumar and Anr. | Tejumal_Bhojwani_And_Ors_vs_State_Of_U_P_on_26_August_2003 | R. Sai Bharathi Vs. J. Jayalalitha & 
Ors. [JT | Revenue Divisional Officer-Cum-L.A.O vs Shaik Azam Sahem Etc.Etc | Himmat Singh & Ors vs State Of M.P. & Anr",Secretary v.   Bipin Kumar and Anr.
6,C6_S6,15,"Land Acquisition Officer, Kammarapally Village, Nizamabad District, A.P. v.   Nookala Rajamallu and Ors.","Land Acquisition Officer, Kammarapally Village, Nizamabad District, A.P. v.   Nookala Rajamallu and Ors. | Trishala Jain & Anr vs State Of Uttaranchal & Anr on 5 May, 2011 | K.S. Shivadevamma v.   Assistant Commissioner and Land Acquisition Officer | Atma Singh (Died) Through Lrs. & Ors vs State Of Haryana & Anr | Union Of India vs Raj Kumar Baghal ...","Trishala Jain & Anr vs State Of Uttaranchal & Anr on 5 May, 2011"
6,C6_S7,14,"Suresh Kumar vs Town Improvement Trust, Bhopal on 3 March, 1989","Suresh Kumar vs Town Improvement Trust, Bhopal on 3 March, 1989 | Dollar Company, Madras vs Collector Of Madras on 1 May, 1975 | Horrmal Since Deceased Through His Lrs vs The State Of Haryana on 21 October, 2024 | Sebastiao Luis Fernandes(Dead)By ... vs K.V.P.Shastri & Ors | Hira Lal And Another vs Gajjan And Others on 30 January, 1990","Horrmal Since Deceased Through His Lrs vs The State Of Haryana on 21 October, 2024"
6,C6_S8,13,"Ravinder Narain 
and Anr. V. Union of India","Ravinder Narain 
and Anr. V. Union of India | Ram Kishan (Since Deceased) Through His ... vs State Of Haryana on 3 April, 2025 | Punjab Scheduled Roads and Controlled Areas Restriction of Unregulated Development Act, 1963 | Habitat Estates Pvt. Ltd. vs. The State of Haryana & Ors. | HSIIDC v. Deepak Kumar & Ors","Ram Kishan (Since Deceased) Through His ... vs State Of Haryana on 3 April, 2025"
6,C6_misc,11,"Pratibha Singh & Ors. v. Shanti Devi Prasad 
& Anr.","Pratibha Singh & Ors. v. Shanti Devi Prasad 
& Anr. | Viluben Jhalejar Contractor (D) By Lrs vs State Of Gujarat | Nirmal Singh & Etc.Etc vs State Of Haryana Tr.Collector on 26 September, 2014 | U.P. Awas Evam Vikash Parishad vs Asha Ram(D) Th. Lrs on 23 March, 2021 | Lrs., and others v. State of Haryana and another","Nirmal Singh & Etc.Etc vs State Of Haryana Tr.Collector on 26 September, 2014"
7,C7_S0,47,Indian Contract Act,"Lucknow Development Authority vs M.K. Gupta on 5 November, 1993 | State of Karnataka vs. Vishwabharathi House Building 
Coop. Society and others | Ireo Grace Realtech Pvt. Ltd. vs Abhishek Khanna on 11 January, 2021 | Trans Mediterranean Airways vs M/S. Universal Exports & Anr | Morgan Stanley Mutual Fund vs Kartick Das on 20 May, 1994",Indian Contract Act
7,C7_S1,39,"Companies Act, 2013",Swiss Ribbons Pvt. Ltd. vs Union Of India | M/S. Innoventive Industries Ltd vs Icici Bank | Committee Of Creditors Of Essar Steel ... vs Satish Kumar Gupta | Jaypee_Kensington_Boulevard_vs_Nbcc_India_Ltd_on_24_March_2021 | Anuj Jain Interim Resolution ... vs Axis Bank Limited,Swiss Ribbons Pvt. Ltd. vs Union Of India
7,C7_S10,13,The Banking Regulation Act,"Vivek Narayan Sharma vs Union Of India | Bikram Chatterji vs Union Of India | Internet And Mobile Association Of ... vs Reserve Bank Of India | Keshavlal Khemchand And Sons Pvt Ltd And ... vs Union Of India And Ors on 28 January, 2015 | Municipal Corporation Of Greater ... vs Abhilash Lal",Vivek Narayan Sharma vs Union Of India
7,C7_S11,12,B.K Educational Services Pvt Ltd vs Parag Gupta And Associates,"B.K Educational Services Pvt Ltd vs Parag Gupta And Associates | Sesh Nath Singh v. Baidyabati Sheoraphuli Co-operative Bank Ltd., Civil Appeal No. | Jignesh Shah vs Union Of India | Kotak Mahindra Bank Ltd. vs A. Balakrishnan | Dena Bank (Now Bank Of Baroda) vs C. Shivakumar Reddy on 4 August, 2021",B.K Educational Services Pvt Ltd vs Parag Gupta And Associates
7,C7_S12,10,The Act,"Icici Bank Ltd vs Sidco Leathers Ltd. & Ors | Macquarie Bank Limited vs Shilpi Cable Technologies Ltd | Jitendra Nath Singh vs Official Liquidator & Ors on 21 September, 2012 | Paschimanchal Vidyut Vitran Nigam Ltd. vs Raman Ispat Private Limited | Bank Of Maharashtra vs Pandurang Keshav Gorwardkar & Ors",The Act
7,C7_S2,35,"Securities  &
Exchange  Board of India Act, 1992","Nasiruddin And Ors vs Sita Ram Agarwal | J_P_Bansal_vs_State_Of_Rajasthan_Anr_on_12_March_2003 | Union Of India vs Raman Iron Foundry on 12 March, 1974 | Satish Batra vs Sudhir Rawal on 18 October, 2012 | Fateh_Chand_vs_Balkishan_Das_on_15_January_1963",The Authorised Officer Central Bank Of ... vs Shanmugavelu
7,C7_S3,35,"Securitization and Reconstruction of Financial Assets and Enforcement of Security Interests Act, 2002","NKGSB Cooperative Bank Limited Vs. Subir Chakravarty & Ors. (Civil Appeal 12 No. | United Bank Of India vs Satyawati Tondon & Ors | Itc Limited vs Blue Coast Hotels Ltd. . | Celir Llp vs Bafna Motors (Mumbai) Pvt. Ltd. on 21 September, 2023 | The Authorized Officer,Indian Bank vs D. Visalakshi","Securitization and Reconstruction of Financial Assets and Enforcement of Security Interests Act, 2002"
7,C7_S4,31,Kailash vs Nanhku & Ors,"Kailash vs Nanhku & Ors | Pioneer Urban Land And Infrastructure ... vs Union Of India | Allahabad Bank vs Canara Bank & Another on 10 April, 2000 | K.C. Ninan vs Kerala State Electricity Board & Ors. on 19 May, 2023 | The_Life_Insurance_Corporation_Of_India_vs_D_J_Bahadur_Ors_on_10_November_1980",Pioneer Urban Land And Infrastructure ... vs Union Of India
7,C7_S5,24,Electricity Act,"Maharashtra State Electricity ... vs Maharashtra Electricity Regulatory ... | Ptc India Ltd vs Central Electricity Reg. Comm. ... on 15 March, 2010 | All India Power Engineer Federation & ... vs Sasan Power Ltd. & Ors. Etc | Energy Watchdog vs Central Electricity Regulatory ... | Maharashtra State Electricity Distribution Company Limited v. Adani Power Maharashtra Limited & Ors.1",Electricity Act
7,C7_S6,23,Indian Companies Act,"Manish_Kumar_vs_Union_Of_India_on_19_January_2021 | P. Mohanraj vs M/S. Shah Brothers Ispat Pvt. Ltd. | Dashrath Rupsingh Rathod vs State Of Maharashtra & Anr on 1 August, 2014 | Assistant General Manager State Bank Of ... vs Radhey Shyam Pandey | Lalji Raja & Sons vs Firm Hansraj Nathuram on 23 February, 1971",Manish_Kumar_vs_Union_Of_India_on_19_January_2021
7,C7_S7,18,Motor Vehicles Act,"State Tr.P.S.Lodhi Colony,New Delhi vs Sanjeev Nanda on 3 August, 2012 | Nidhi Kaim & Anr vs State Of M P And Ors Etc | Sushil Ansal vs State Thr.Cbi | M.C.D vs Asscn.,Victims Of Uphaar Tragedy & Ors on 13 October, 2011 | Manohar Lal vs Vinesh Anand & Ors on 9 April, 2001",Motor Vehicles Act
7,C7_S8,15,"Companies Act, 1956","Ramesh Chandra Sharma vs Punjab National Bank & Anr | J_P_Srivastava_Sons_Pvt_Ltd_Ors_vs_M_S_Gwalior_Sugar_Co_Ltd_Ors_on_26_October_2004 | Vasudev Ramchandra Shelat vs Pranlal Jayanand Thakar And Ors on 17 July, 1974 | Ptc India Financial Services Ltd. vs Mr. Venkateshwarlu Kari on 12 May, 2022 | Chairman Cum Managing Director ... vs Sri Rabindranath Choubey","Companies Act, 1956"
7,C7_S9,14,S_Sundaram_Pillai_Etc_vs_V_R_Pattabiraman_Etc_on_24_January_1985,"S_Sundaram_Pillai_Etc_vs_V_R_Pattabiraman_Etc_on_24_January_1985 | Competition_Commission_Of_India_vs_Steel_Authority_Of_India_Anr_on_9_September_2010 | M/S Chordia Automobiles vs S. Moosa & Ors on 29 February, 2000 | Airports Economic Regulatory ... vs Delhi International Airport Ltd on 18 October, 2024 | Hukum Chand Deswal vs Satish Raj Deswal",S_Sundaram_Pillai_Etc_vs_V_R_Pattabiraman_Etc_on_24_January_1985
8,C8_S0,51,Income-tax Act,"Director Of Inspection Of Income ... vs Pooran Mal & Sons & Another on 20 September, 1974 | Vodafone International Holdings B.V vs Union Of India & Anr on 20 January, 2012 | Shrimant Padmaraje R. Kadambande vs Commissioner Of Income Tax, Pune on 22 April, 1992 | Engineering Analysis Centre Of ... vs The Commissioner Of Income Tax | Arjun Panditrao Khotkar vs Kailash Kushanrao Gorantyal",Income-tax Act
8,C8_S1,33,"India Cement Ltd vs State Of Tamil Nadu Etc on 25 October, 1989","India Cement Ltd vs State Of Tamil Nadu Etc on 25 October, 1989 | Goodricke Group Ltd. And Ors vs State Of W.B. And Ors on 25 November, 1994 | The_State_Of_West_Bengal_vs_Kesoram_Industries_Ltd_And_Ors_on_15_January_2004 | State_Of_Orissa_Other_vs_The_Tltaghur_Paper_Mills_Company_Ltd_on_1_March_1985 | Federation Of Hotel & Restaurant ... vs Union Of India & Ors on 2 May, 1989",Mineral Area Development Authority Etc vs M/S Steel Authority Of India
8,C8_S10,11,"Union Of India & Ors vs Sicom Ltd. & Anr on 5 December, 2008","Union Of India & Ors vs Sicom Ltd. & Anr on 5 December, 2008 | Punjab National Bank vs Union Of India Thr. Its Secretary on 24 February, 2022 | Central Boards of Revenue Act, 1963 | M/S. Nagarjuna Construction Co. Ltd vs Govt. Of A.P. & Ors on 20 October, 2008 | M/S Rana Girders Ltd vs Union Of India & Ors on 16 August, 2013","Punjab National Bank vs Union Of India Thr. Its Secretary on 24 February, 2022"
8,C8_S2,32,The_Hingir_Rampur_Coal_Co_Ltd_And_vs_The_State_Of_Orissa_And_Others_on_21_November_1960,"Orissa_Cement_Ltd_And_Ors_Etc_Etc_vs_State_Of_Orissa_And_Ors_Etc_Etc_on_4_April_1991 | State_Of_Orissa_vs_M_A_Tulloch_And_Co_And_Connected_on_16_August_1963 | Monnet_Ispat_And_Energy_Ltd_vs_Union_Of_India_And_Ors_on_26_July_2012 | Manohar Lal Sharma vs The Principle Secretary & Others on 25 August, 2014 | Baijnath Kedia vs State Of Bihar & Ors on 28 August, 1969",Monnet_Ispat_And_Energy_Ltd_vs_Union_Of_India_And_Ors_on_26_July_2012
8,C8_S3,28,Finance Act,"Assistant_Commissioner_Of_Income_Tax_vs_Ahmedabad_Urban_Development_Authority_on_19_October_2022 | Union_Of_India_Ors_Etc_Etc_vs_Bombay_Tyre_International_Ltd_Etc_Etc_on_7_October_1983 | Union Of India vs Vkc Footsteps India Pvt. Ltd. | Chief Commissioner Of Central Goods And ... vs M/S Safari Retreats Private Limited | Union Of India vs M/S Mohit Minerals Pvt. Ltd. on 19 May, 2022",Finance Act
8,C8_S4,28,"Central Excise & Salt Act, 1944","Union Of India vs Association Of Unified Telecom Service ... | State Of Nct Of Delhi vs Sanjay on 4 September, 2014 | Ram Kirpal Bhagat & Ors vs State Of Bihar on 13 November, 1969 | Municipal Corporation Of Delhi Etc vs Children Book Trust Etc on 21 April, 1992 | Akbar Badrudin Jiwani vs Collector Of Customs, Bombay on 14 February, 1990","Central Excise & Salt Act, 1944"
8,C8_S5,24,Shri Prithvi Cotton Mills Ltd. v. Broach Borough Municipality & Ors.,"S_S_Bhola_Ors_vs_B_D_Sardana_Ors_on_11_July_1997 | State_Of_Tamil_Nadu_vs_Arooran_Sugars_Ltd_on_31_October_1996 | Krishna Chandra Gangopadhyaya Etc vs Union Of India & Ors on 18 April, 1975 | Madan_Mohan_Pathak_vs_Union_Of_India_Ors_Etc_on_21_February_1978 | Government Of Andhra Pradesh & Anr vs Hindustan Machine Tools Ltd on 1 May, 1975",Shri Prithvi Cotton Mills Ltd. v. Broach Borough Municipality & Ors.
8,C8_S6,24,Sales Tax Act,"Twentieth Century Finance Corpn.Ltd.& ... vs State Of Maharashtra on 9 May, 2000 | M/S Associated Cement Companies Ltd vs Commissioner Of Customs on 25 January, 2001 | Builders Association Of India & Ors. ... vs Union Of India & Ors. Etc. Etc on 31 March, 1989 | M/S Larsen & Toubro Limited & Anr vs State Of Karnataka & Anr | Balabhagas Hulaschand vs State Of Orissa on 9 December, 1975",Sales Tax Act
8,C8_S7,20,M_S_Motilal_Padampat_Sugar_Mills_Co_vs_State_Of_Uttar_Pradesh_And_Ors_on_12_December_1978,"M_S_Motilal_Padampat_Sugar_Mills_Co_vs_State_Of_Uttar_Pradesh_And_Ors_on_12_December_1978 | Union_Of_India_Ors_vs_Godfrey_Philips_India_Ltd_Etc_Etc_on_30_September_1985 | Southern_Petrochemical_Industries_Co_vs_Electricity_Inspector_And_E_T_I_O_on_15_May_2007 | Kasinka Trading And Another, Etc. Etc. vs Union Of India And Another on 18 October, 1994 | Pawan_Alloys_And_Casting_Pvt_Ltd_Meerut_vs_U_P_State_Electricity_Board_And_Ors_on_5_August_1997","Kasinka Trading And Another, Etc. Etc. vs Union Of India And Another on 18 October, 1994"
8,C8_S8,12,"Commnr. Of Customs (Import), Mumbai vs M/S. Dilip Kumar And Company","Commnr. Of Customs (Import), Mumbai vs M/S. Dilip Kumar And Company | Commnr. Of Customs (Imports), Mumbai vs M/S. Tullow India Operations Ltd | Commnr. Of Central Excise, New Delhi vs M/S. Hari Chand Shri Gopal & Ors | Ramnath And Co. vs The Commissioner Of Income Tax | Central Board Of Direct Taxes & Ors. New ... vs Oberoi Hotels (India) Pvt. Ltd on 30 March, 1998","Commnr. Of Customs (Import), Mumbai vs M/S. Dilip Kumar And Company"
8,C8_S9,11,K.T. Moopil Nair V. State of Kerala,"Twyford Tea Co. Ltd. And Another vs The State Of Kerala And Another on 15 January, 1970 | Union Of India & Anr vs M/S Nitdip Text. Processors (P)Ltd.& ... | Union Of India & Anr., Etc. Etc vs A.Sanyasi Rao & Ors., Etc. Etc on 13 February, 1996 | State Of Kerala vs Haji K. Haji K. Kutty Naha & Ors. Etc on 13 August, 1968 | The Amalgamated Tea Estate Co. Ltd. Etc vs State Of Kerala on 2 April, 1974",Union Of India & Anr vs M/S Nitdip Text. Processors (P)Ltd.& ...
8,C8_misc,19,The_State_Of_Uttar_Pradesh_And_Others_vs_Babu_Ram_Upadhya_on_25_November_1960,"M/S Patil Automation Private Limited vs Rakheja Engineers Private Limited | Sreenivasa_General_Traders_Ors_Etc_vs_State_Of_Andhra_Pradesh_Ors_Etc_on_6_September_1983 | B.S.E. Brokers Forum, Bombay & Ors. vs Securities & Exchange Board Of India & ... on 1 February, 2001 | Gaurav_Aseem_Avtej_vs_U_P_State_Sugar_Corporation_Ltd_on_20_April_2018 | Kewal_Krishan_Puri_Anr_vs_State_Of_Punjab_Others_on_4_May_1979","U.P. Sugar Undertaking (Acquisition) Act, 1971"
9,C9_S0,34,"Tata Cellular  v.  Union  of
India6","Tata Cellular  v.  Union  of
India6 | M.C. Mehta vs Union Of India & Ors | Kerala State Electricity Board & Anr vs Kurien E.Kalathil & Ors on 19 July, 2000 | Radhakrishna_Agarwal_Ors_vs_State_Of_Bihar_Ors_on_17_March_1977 | M_P_Power_Management_Company_Limited_vs_M_S_Sky_Power_Southeast_Solar_India_on_16_November_2022","Tata Cellular  v.  Union  of
India6"
9,C9_S1,27,Meerut Devt.Authority vs Association Of Management Studies & Anr,"Haryana Urban Dev. Authority & Ors vs Orchid Infrastructure Developers ... | Municipal Corporation vs Bvg India Limited | State Of Jharkhand & Ors vs M/S Cwe-Soma Consortium | Star Enterprises Etc. Etc vs City And Industrial Development ... on 30 April, 1990 | U.P.Avas Evam Vikas Parishad & Ors vs Om Prakash Sharma on 18 April, 2013",Haryana Urban Dev. Authority & Ors vs Orchid Infrastructure Developers ...
9,C9_S10,8,State Of Rajasthan And Ors vs Gotan Lime Stone Khanij Udyog And Anr,"State Of Rajasthan And Ors vs Gotan Lime Stone Khanij Udyog And Anr | Balwant Rai Saluja & Anr Etc.Etc vs Air India Ltd.& Ors | State of U.P. & Ors. v. Renusagar Power Co. & Ors. | New Horizons Ltd vs Union Of India on 9 November, 1994 | Delhi Dev. Authority vs S.G.G. Towers (P) Ltd",State Of Rajasthan And Ors vs Gotan Lime Stone Khanij Udyog And Anr
9,C9_S2,25,"Sukhdev Singh, Oil & Natural Gas ... vs Bhagat Ram, Association Of Clause Ii. ... on 21 February, 1975","Sukhdev Singh, Oil & Natural Gas ... vs Bhagat Ram, Association Of Clause Ii. ... on 21 February, 1975 | Central_Inland_Water_vs_Brojo_Nath_Ganguly_Anr_on_6_April_1986 | Sukhdev Singh & Ors. v. Bhagatram Sardar Singh Raghuvanshi & Others | Zee Telefilms Ltd. & Anr vs Union Of India & Ors | Air India Statutory Corporation vs United Labour Union & Ors on 6 November, 1996",Zee Telefilms Ltd. & Anr vs Union Of India & Ors
9,C9_S3,24,"Indian Registration Act, 1866","Sultana_Begum_vs_Prem_Chand_Jain_on_10_December_1996 | Executive Committee Of Vaish Degree ... vs Lakshmi Narain And Ors on 12 December, 1975 | K H Nazar vs Mathew K Jacob | Dalco Engineering Pvt. Ltd vs Satish Prabhakar Padhye & Ors on 31 March, 2010 | Pandurang_Ganpati_Chaugule_vs_Vishwasrao_Patil_Murgud_Sahakari_Bank_on_5_May_2020",Pandurang_Ganpati_Chaugule_vs_Vishwasrao_Patil_Murgud_Sahakari_Bank_on_5_May_2020
9,C9_S4,22,Surya_Dev_Rai_vs_Ram_Chander_Rai_Ors_on_7_August_2003,"Surya_Dev_Rai_vs_Ram_Chander_Rai_Ors_on_7_August_2003 | Shalini Shyam Shetty & Anr vs Rajendra Shankar Patil on 23 July, 2010 | Harjinder_Singh_vs_Punjab_State_Warehousing_Corp_on_5_January_2010 | Martin_Burn_Ltd_vs_The_Corporation_Of_Calcutta_on_19_August_1965 | State Of Rajasthan vs Bhawani Singh And Others on 6 March, 1992",Harjinder_Singh_vs_Punjab_State_Warehousing_Corp_on_5_January_2010
9,C9_S5,20,"Industrial Disputes Act, 1947","Novartis India Ltd vs State Of West Bengal & Ors | Deepali Gundu Surwase vs Kranti Junior Adhyapak & Ors | Sanghi Jeevaraj Ghewar Chand & Ors vs Secretary, Madras Chillies, Grains ... on 16 July, 1968 | Gujarat Electricity Board,Thermal ... vs Hind Mazdoor Sabha & Ors on 9 May, 1995 | National_Textile_Corporation_Ltd_Ors_vs_Sitaram_Mills_Ltd_Ors_Etc_on_4_April_1986","Industrial Disputes Act, 1947"
9,C9_S6,13,Ramana_Dayaram_Shetty_vs_The_International_Airport_Authority_Of_on_4_May_1979,"Ramana_Dayaram_Shetty_vs_The_International_Airport_Authority_Of_on_4_May_1979 | Kasturi_Lal_Lakshmi_Reddy_vs_State_Of_Jammu_And_Kashmir_Another_on_9_May_1980 | Ram_And_Shyam_Company_vs_State_Of_Haryana_And_Ors_on_8_May_1985 | Haji T.M. Hassan Rawther vs Kerala Financial Corporation on 17 November, 1987 | Akhil_Bhartiya_Upbhokta_Congress_vs_Staet_Of_M_P_Ors_on_6_April_2011",Ramana_Dayaram_Shetty_vs_The_International_Airport_Authority_Of_on_4_May_1979
9,C9_S7,12,"Road Transport Corporation Act, 1950","Sri Ram Builders vs State Of M.P. & Ors on 25 April, 2014 | Delhi Development Authority vs Durga Chand Kaushish on 28 August, 1973 | State Of H.P & Ors vs Rajesh Chander Sood Etc Etc | Pepsu Road Transport Corp., Patiala vs Mangal Singh & Ors on 12 May, 2011 | N.K. Jain And Others vs C.K.Shah And Others on 26 March, 1991","Sri Ram Builders vs State Of M.P. & Ors on 25 April, 2014"
9,C9_S8,12,"Steel Authority Of India Ltd. & Ors. ... vs National Union Water Front Workers & Ors on 30 August, 2001","Steel Authority Of India Ltd. & Ors. ... vs National Union Water Front Workers & Ors on 30 August, 2001 | Lanco_Anpara_Power_Ltd_vs_State_Of_Uttar_Pradesh_And_Ors_on_18_October_2016 | Lal Mohammad And Ors vs Indian Railway Construction Co. Ltd And ... on 4 December, 1998 | Balwant Rai Saluja & Anr Etc.Etc vs Air India Ltd.& Ors | C_V_Raman_Etc_vs_Management_Of_Bank_Of_India_And_Another_on_21_April_1988","Steel Authority Of India Ltd. & Ors. ... vs National Union Water Front Workers & Ors on 30 August, 2001"
9,C9_S9,11,"L.I.C. Of India & Anr vs Consumer Education & Research Centre & ... on 10 May, 1995","L.I.C. Of India & Anr vs Consumer Education & Research Centre & ... on 10 May, 1995 | Life_Insurance_Corporation_Of_India_vs_Escorts_Ltd_Ors_on_19_December_1985 | State Of U.P. And Anr vs Johri Mal | United India Insurance Co. Ltd vs Manubhai Dharmasinhbhai Gajera & Ors | Jacob Punnen vs United India Insurance Co;Ltd on 9 December, 2021","L.I.C. Of India & Anr vs Consumer Education & Research Centre & ... on 10 May, 1995"
9,C9_misc,9,Padma Vs. Hiralal Motilal Desarda and Others,Padma Vs. Hiralal Motilal Desarda and Others | Uttaranchal Forest Development Corpn. ... vs Jabar Singh And Ors | U.P.S.R.T.C. Ltd vs Sarada Prasad Misra & Anr | Bank Vs. Neelam | The State Of Odisha vs Pratima Mohanty,Padma Vs. Hiralal Motilal Desarda and Others
10,C10_S0,22,"Board Of Control For Cricket, India & Anr vs Netaji Cricket Club & Ors","Board Of Control For Cricket, India & Anr vs Netaji Cricket Club & Ors | Govt. Of Nct Of Delhi Thr Secretary, Land ... vs M/S. K.L. Rathi Steels Ltd. . | Govt. Of Nct Of Delhi Thr. Its Secretary, ... vs M/S. K.L. Rathi Steels Ltd. on 17 May, 2024 | Parsion Devi and Ors.  v.  Sumitri Devi and Ors. | Sir Hari Shankar Paul, Kt. vs Kedar Nath Saha on 25 April, 1939","Govt. Of Nct Of Delhi Thr. Its Secretary, ... vs M/S. K.L. Rathi Steels Ltd. on 17 May, 2024"
10,C10_S1,16,"The Karnataka Land Reforms Act, 1961","R. Rudraiah & Anr vs State Of Karnataka & Ors on 4 February, 1998 | Corporation Of The City Of Bangalore vs B.T. Kampanna on 20 August, 1976 | Sri M. Sankaranarayanan vs The Deputy Commissioner, Bangalore & ... | Noor_Mohd_Khan_Ghouse_Khan_Soudagar_And_vs_Fakirappa_Bharmappa_Machenahalli_And_on_28_April_1978 | Fairgrowth Investments Ltd vs The Custodian",The KLR Act
10,C10_S2,15,"S.P. Chengalvaraya Naidu (Dead) By ... vs Jagannath (Dead) By L.Rs. And Others on 27 October, 1993","S.P. Chengalvaraya Naidu (Dead) By ... vs Jagannath (Dead) By L.Rs. And Others on 27 October, 1993 | Jai_Narain_Parasurampuria_Dead_Ors_vs_Pushpa_Devi_Saraf_Ors_on_24_August_2006 | Arunima Baruah vs Union Of India & Ors | Meghmala & Ors vs G.Narasimha Reddy & Ors | The State Of Andhra Pradesh & Anr vs T. Suryachandra Rao",Meghmala & Ors vs G.Narasimha Reddy & Ors
10,C10_S3,15,Kerala Land Reforms Act,"Gwalior Rayon Silk Mfg. (Wvg.) Co. Ltd vs Custodian Of Vested Forests Palghat And ... on 6 April, 1990 | Thankamony Amma vs Omana Amma N. | AIR 2009 SC 354 and Shyam Gopal Bindal and Others vs. Land Acquisition Officer and Another | State Of Kerala & Another vs Nilgiri Tea Estates Ltd on 12 October, 1987 | M.M. Thomas vs State Op Kerala And Anr on 6 January, 2000","A-The Kerala Private Forests (Vesting and Assignment) Act, 1971"
10,C10_S4,15,K.D. Sharma v. Steel Authority of India Ltd. and others,"Dalip Singh vs State Of U.P. & Ors | Ramjas Foundation & Ors vs Union Of India & Ors on 9 November, 2010 | G. Narayanaswamy Reddy (Dead) Byl.Rs. ... vs Govt. Of Karnataka And Anr on 29 April, 1991 | G.Jayashree & Ors vs Bhagwandas S.Patel & Ors | Oswal Fats And Oils Ltd vs Addl.Commnr.,Bareilly Division & Ors",K.D. Sharma v. Steel Authority of India Ltd. and others
10,C10_S5,13,State Of Karnataka vs Y.Moideen Kunhi(D) By Lrs. .,"State Of Karnataka vs Y.Moideen Kunhi(D) By Lrs. . | Section 63 in Karnataka Land Revenue Act, 1964 | The Karnataka Preservation Of Trees Act, 1976 | Section 64 in Karnataka Land Revenue Act, 1964 | Section 66 in Karnataka Land Revenue Act, 1964",State Of Karnataka vs Y.Moideen Kunhi(D) By Lrs. .
10,C10_S6,11,Shri Ram Sahu (Dead) Through Lrs vs Vinod Kumar Rawat,"Shri Ram Sahu (Dead) Through Lrs vs Vinod Kumar Rawat | State Of Jammu And Kashmir vs R.K. Zalpuri And Ors | S Tirupathi Rao vs M Lingamaiah on 22 July, 2024 | Haryana State Indusl.Devt.Corp.Ltd vs Mawasi & Ors.Etc.Etc on 2 July, 2012 | State Of Rajasthan And Anr vs Surendra Mohnot And Ors on 30 June, 2014",Shri Ram Sahu (Dead) Through Lrs vs Vinod Kumar Rawat
10,C10_S7,10,Palitana Sugar Mills Pvt. Ltd. & Anr vs State Of Gujarat & Ors,"Palitana Sugar Mills Pvt. Ltd. & Anr vs State Of Gujarat & Ors | State_Of_Gujarat_Anr_vs_Manoharsinhji_Pradyumansinhji_Jadeja_on_4_December_2012 | Patel Narshi Thakershi And Ors. vs Shri Pradyumansinghji Arjunsinghji on 2 March, 1970 | Rojasara Ramjibhai Dahyabhai vs Jani Narottamdas Lallubhai (Dead)By ... on 10 April, 1986 | Bhavan Vaja And Ors. vs Solanki Hanuji Khodaji Mansang And Anr. on 3 February, 1972",Gujarat Agricultural Lands Ceiling Act
10,C10_S8,9,"Kunhayammed & Ors vs State Of Kerala & Anr on 19 July, 2000","Kunhayammed & Ors vs State Of Kerala & Anr on 19 July, 2000 | Khoday Distilleries Ltd. (Now Khoday ... vs Sri Mahadeshwara Sahakara Sakkare ... | P. Singaravelan And Ors.Etc. Etc. vs District Collector, Tiruppur And Dt And ... | Rajesh_Mitra_Rajesh_Kumar_Mitra_vs_Karnani_Properties_Limited_on_20_September_2024 | Royal Medical Trust vs Union Of India","Kunhayammed & Ors vs State Of Kerala & Anr on 19 July, 2000"
10,C10_S9,8,T.Lakshmipathi & Ors vs P.Nithyananda Reddy & Ors,"T.Lakshmipathi & Ors vs P.Nithyananda Reddy & Ors | Nalakath_Sainuddin_vs_Koorikadan_Sulaiman_on_8_July_2002 | Kastha Niwarak Grahnirman Sahakari ... vs President, Indore Development ... | Rent Controller vs Shri Naresh Gupta | Pramod Kumar Jaiswal And Others vs Bibi Husn Bano & Ors",T.Lakshmipathi & Ors vs P.Nithyananda Reddy & Ors
10,C10_misc,14,Surinder Singh vs. Kapoor Singh (Dead,"Surinder Singh vs. Kapoor Singh (Dead | S.S. Rathore vs State Of Madhya Pradesh on 6 September, 1989 | Kartar Singh vs Harjinder Singh And Others on 21 February, 1990 | State Of U.P vs Sheo Shanker Lal Srivastava & Ors | Madan_Gopal_Rungta_vs_Secretary_To_The_Government_Oforissa_on_16_March_1962",Surinder Singh vs. Kapoor Singh (Dead
11,C11_S0,31,Bharat Aluminium Co vs Kaiser Aluminium Technical ...,"Bharat Aluminium Co vs Kaiser Aluminium Technical ... | Enercon_India_Ltd_And_Ors_vs_Enercon_Gmbh_And_Anr_on_14_February_2014 | Thyssen Stahlunion Gmbh Etc vs Steel Authority Of India Ltd on 7 October, 1999 | Amazon_Com_Nv_Investment_Holdings_Llc_vs_Future_Retail_Limited_on_6_August_2021 | Pasl Wind Solutions Private Limited vs Ge Power Conversion India Private ...",Amazon_Com_Nv_Investment_Holdings_Llc_vs_Future_Retail_Limited_on_6_August_2021
11,C11_S1,27,Interest Act,"Secretary Irrigation Department ... vs G.C. Roy on 12 December, 1991 | State Of Madhya Pradesh vs M/S. Saith & Skelton (P) Ltd on 28 January, 1972 | Raipur Development Authority Etc. Etc vs Chokhamal Contractors Etc. Etc on 4 May, 1989 | Executive Engineer, Dhenkanal Minor ... vs N.C.Budharaj (Dead) By L.Rs.Etc.Etc on 10 January, 2001 | Union_Of_India_vs_A_L_Rallia_Ram_on_19_April_1963",Union_Of_India_vs_A_L_Rallia_Ram_on_19_April_1963
11,C11_S2,22,Vidya Drolia vs Durga Trading Corporation,"Vidya Drolia vs Durga Trading Corporation | Booz-Allen & Hamilton Inc vs Sbi Home Finance Ltd. & Ors on 15 April, 2011 | M/S Emaar Mgf Land Limited vs Aftab Singh | M/S N.N. Global Mercantile Private ... vs M/S Indo Unique Flame Ltd. | Pravin Electricals Pvt. Ltd vs Galaxy Infra And Engineering Pvt. Ltd. on 8 March, 2021",Vidya Drolia vs Durga Trading Corporation
11,C11_S3,20,"Delhi Development Authority vs M/S. R.S. Sharma & Co., New Delhi","Delhi Development Authority vs M/S. R.S. Sharma & Co., New Delhi | Renusagar Power Co. Ltd vs General Electric Co on 7 October, 1993 | Hindustan Zinc Ltd vs Friends Coal Carbonisation | Ssangyong Engineering And ... vs National Highways Authority Of ... | Delhi Airport Metro Express Pvt. Ltd. vs Delhi Metro Rail Corporation Ltd. on 9 September, 2021","Renusagar Power Co. Ltd vs General Electric Co on 7 October, 1993"
11,C11_S4,18,"Stamp Act, 1889","Garware Wall Ropers Ltd. vs Coastal Marine Constructions ... | M/S N.N. Global Mercantile Private ... vs M/S Indo Unique Flame Ltd. | Ashapura Mine-Chem Ltd vs Gujarat Mineral Devlopment ... on 16 April, 2015 | National Insurance Co. Ltd vs M/S. Boghara Polyfab Pvt.Ltd on 18 September, 2008 | M/S Sms Tea Estates P.Ltd vs M/S Chandmari Tea Co.P.Ltd on 20 July, 2011",M/S N.N. Global Mercantile Private ... vs M/S Indo Unique Flame Ltd.
11,C11_misc,28,Arbitration Act,"M/S. Centrotrade Minerals & Metal. Inc vs Hindustan Copper Ltd | Steel Authority Of India Limited vs J.C. Budharaja, Government And Mining ... on 1 September, 1999 | Mulamchand_vs_State_Of_Madhya_Pradesh_on_20_February_1968 | M/S. Entertainment Network (India) Ltd vs M/S. Super Cassettee Industries Ltd | Bharat Aluminium Co vs Kaiser Aluminium Technical ...",Arbitration Act
12,C12_S0,25,A to the Forest Act,"T.N. Godavarman Thirumulpad vs Union Of India & Ors on 6 July, 2011 | Rural Litigation & Entitlement Kendra vs State Of U.P on 30 August, 1988 | Forward_Construction_Co_Ors_Etc_Etc_vs_Prabhat_Mandal_Regd_Andheri_Ors_on_26_November_1985 | Northern_India_Caterers_India_Ltd_vs_Lt_Governor_Of_Delhi_on_21_December_1979 | Kantaru_Rajeevaru_vs_Indian_Young_Lawyers_Association_on_14_November_2019",A to the Forest Act
12,C12_S1,17,Guruvayur_Devaswom_Managing_Commit_vs_C_K_Rajan_Others_on_14_August_2003,"Guruvayur_Devaswom_Managing_Commit_vs_C_K_Rajan_Others_on_14_August_2003 | Balco Employees Union (Regd.) vs Union Of India & Ors on 10 December, 2001 | State Of Uttaranchal vs Balwant Singh Chaufal & Ors | State Of Madhya Pradesh & Ors vs Nandlal Jaiswal & Ors on 24 October, 1986 | Small Scale Industrial Manufacturers Association (Regd.) v. Union of India and others",State Of Uttaranchal vs Balwant Singh Chaufal & Ors
12,C12_S2,15,"The National Green Tribunal Act, 2010","The State Of Meghalaya vs All Dimasa Students Union Hasao ... | Himachal Pradesh Bus Stand Management ... vs The Central Empowered Committee on 12 January, 2021 | Jitendra Singh vs Ministry Of Environment | State Of Madhya Pradesh vs Centre For Environment Protection ... | Director General (Road Development) ... vs Aam Aadmi Lokmanch .",Jitendra Singh vs Ministry Of Environment
12,C12_S3,15,Bombay_Dyeing_Mfg_Co_Ltd_vs_Bombay_Environmental_Action_Group_Ors_on_7_March_2006,"Bombay_Dyeing_Mfg_Co_Ltd_vs_Bombay_Environmental_Action_Group_Ors_on_7_March_2006 | Narmada Bachao Andolan Vs.

      Union  of India | Intellectuals Forum, Tirupathi vs State Of A.P. & Ors | Vellore Citizens Welfare Forum vs Union Of India & Ors on 28 August, 1996 | M.C. Mehta vs Kamal Nath & Ors on 13 December, 1996","Vellore Citizens Welfare Forum vs Union Of India & Ors on 28 August, 1996"
12,C12_S4,13,"Indian Council For Enviro-Legal Action vs Union Of India & Ors on 18 July, 2011","Indian Council For Enviro-Legal Action vs Union Of India & Ors on 18 July, 2011 | S. Jagannath vs Union Of India & Ors on 11 December, 1996 | Dda vs M/S Kenneth Builders Developers Ltd. ... | Techi Tagi Tara vs Rajendra Singh Bhandari . | In Re : T.N. Godavarman Thirumulpad vs Union Of India And Ors.","Water (Prevention and Control of Pollution) Act, 1974"
12,C12_S5,12,"Contempt of Courts Act, 1952","Priya Gupta vs State Of Chhattisgarh & Ors on 8 May, 2012 | Maa Vaishno Devi Mahila Mahavidyalaya vs State Of U.P.& Ors on 13 December, 2012 | Rama Narang vs Ramesh Narang | Kanwar Singh Saini vs High Court Of Delhi on 23 September, 2011 | Chandigarh Administration & Anr vs Jasmine Kaur & Ors on 1 September, 2014","Contempt of Courts Act, 1952"
12,C12_S6,9,"Environment Act, 1986","Environment Act, 1986 | State Of Himachal Pradesh & Ors.Etc vs Ganesh Wood Products & Ors.Etc on 11 September, 1995 | Jal Mahal Resorts P.Ltd vs K.P.Sharma & Ors on 25 April, 2014 | The State Of Uttar Pradesh vs Uday Education And Welfare Trust | The State Of Himachal Pradesh vs Yogendra Mohan Sengupta","Environment Act, 1986"
12,C12_S7,8,Jagpal Singh & Ors vs State Of Punjab & Ors,"Jagpal Singh & Ors vs State Of Punjab & Ors | National Institute Of Medical Science ... vs State Of Rajasthan And Ors. | Rajasthan Land Revenue Act 1956 | Section 72 in The Jaipur Development Authority Act, 1982 | Abdul Rahman vs State (Panchayati Raj Dep )Ors",Jagpal Singh & Ors vs State Of Punjab & Ors
12,C12_misc,6,"2) Tayabbhai M. Bagasarwalla and Anr. Vs. Hind 
Rubber Industries Pvt. Ltd. & Ors.","2) Tayabbhai M. Bagasarwalla and Anr. Vs. Hind 
Rubber Industries Pvt. Ltd. & Ors. | Tamil Nadu Polution Control Board vs Sterlite Industries (I) Ltd. . | State of Punjab & Ors.. v. Gurdev Singh | Krishnadevi Malchand Kamathia & Ors vs Bombay Enviornmental Action Group.& ... | Board Of Trustees Of Port Of Kandla vs Hargovind Jasraj & Anr on 9 January, 2013",Tamil Nadu Polution Control Board vs Sterlite Industries (I) Ltd. .
13,C13_S0,29,Mahindra_Mahindra_Ltd_vs_Union_Of_India_Anr_on_24_January_1979,"Ujagar_Prints_Etc_vs_Union_Of_India_Ors_Etc_on_4_November_1988 | Gauri_Shankar_Gaur_And_Others_Etc_vs_State_Of_U_P_And_Others_on_12_August_1993 | Pt. Rishikesh And Anr. Etc vs Smt. Salma Begum Etc. Etc on 2 May, 1995 | Gauri_Shankar_vs_State_Of_U_P_on_12_August_1993 | New Central Jute Mills Co. Ltd vs The Assistant Collector Of Central ... on 8 September, 1970",Gauri_Shankar_vs_State_Of_U_P_on_12_August_1993
13,C13_S1,18,Prevention of Corruption Act,"Dr. Subramanian Swamy vs Dr. Manmohan Singh And Anr on 31 January, 2012 | R.S. Nayak vs A.R. Antulay & Anr on 17 April, 1986 | K_Veeraswami_vs_Union_Of_India_And_Others_on_25_July_1991 | P_V_Narasimha_Rao_vs_State_Cbi_Spe_on_17_April_1998 | R_S_Nayak_vs_A_R_Antulay_on_16_February_1984",Prevention of Corruption Act
13,C13_S2,17,Janata_Dal_vs_H_S_Chowdhary_And_Ors_on_28_August_1992,"Janata_Dal_vs_H_S_Chowdhary_And_Ors_on_28_August_1992 | State_Of_West_Bengal_Ors_vs_Swapan_Kumar_Guha_Ors_on_2_February_1982 | Neeharika Infrastructure Pvt. Ltd. v. State of Maharashtra and others | State Of Bihar Etc. Etc vs P.P. Sharma, Ias And Anr on 2 April, 1991 | State_Of_Bihar_And_Anr_vs_J_A_C_Saldanha_And_Ors_on_13_November_1979","Nara Chandrababu Naidu vs The State Of Andhra Pradesh on 16 January, 2024"
13,C13_S3,16,"State of Haryana and Ors. v. Ch. Bhajan Lal and Ors., J.T.","T.T.Antony vs State Of Kerala & Ors on 12 July, 2001 | Arun Bhandari vs State Of U.P.& Ors | Popular Muthiah vs State Represented By Inspector Of ... | Gian Singh vs State Of Punjab & Anr on 24 September, 2012 | R. Kalyani vs Janak C. Mehta & Ors","State of Haryana and Ors. v. Ch. Bhajan Lal and Ors., J.T."
13,C13_S4,12,"Drugs and Psychotropic Substances  Act,	1988","Noor Aga vs State Of Punjab & Anr | Union Of India And Another vs W.N. Chadha on 17 December, 1992 | Centre For Public Interest Litigation vs U.O.I | Sanjay Chandra vs Cbi on 23 November, 2011 | Romila Thapar vs Union Of India","Union Of India And Another vs W.N. Chadha on 17 December, 1992"
13,C13_S5,9,"State Of W.B vs Mohammed Khalid on 24 November, 1994","State Of W.B vs Mohammed Khalid on 24 November, 1994 | General Officer Commanding vs Cbi & Anr | Pradeep S. Wodeyar vs The State Of Karnataka on 29 November, 2021 | Martin_Harris_Limited_vs_With_Additional_Distt_Judge_Ors_on_11_December_1997 | The State Of Jammu And Kashmir vs Dr. Saleem Ur Rehman on 29 October, 2021","State Of W.B vs Mohammed Khalid on 24 November, 1994"
13,C13_misc,9,"Maharashtra State Board of Secondary 
and Higher Secondary Education and another v. Paritosh Bhupesh 
Kurmarsheth and others","Animireddy Venkata Ramana & Ors vs Public Prosecutor, H.C. Of A.P | Patna_Improvement_Trust_vs_Smt_Lakshmi_Devi_Others_on_7_December_1962 | Commercial Tax Officer, Rajasthan vs Binani Cement Ltd. & Anr | Lalita Kumari vs Govt.Of U.P.& Ors | Managing Director Chhattisgarh State ... vs Zila Sahkari Kendriya Bank Maryadit",Lalita Kumari vs Govt.Of U.P.& Ors
14,C14_S0,28,Babulal Badriprasad Varma vs Surat Municipal Corpn. & Ors,"Babulal Badriprasad Varma vs Surat Municipal Corpn. & Ors | Bhikhubhai Vithlabhai Patel & Ors. v. State of Gujarat &

Anr. | Mansukhlal Jadavji Darji and Others v. Ahmedabad

Municipal Corporation and Others | State Of Maharashtra vs The Nagpur Improvement Trust | State Of Maharashtra vs The Nagpur Improvement Trust",Babulal Badriprasad Varma vs Surat Municipal Corpn. & Ors
14,C14_misc,27,Sheodan_Singh_vs_Smt_Daryao_Kunwar_on_14_January_1966,"Sheodan_Singh_vs_Smt_Daryao_Kunwar_on_14_January_1966 | Dadu Dayalu Mahasabha, Jaipur (Trust) vs Mahant Ram Niwas & Anr | Gangai_Vinayagar_Temple_Anr_vs_Meenakshi_Ammal_Ors_on_9_October_2014 | Narayana_Prabhu_Venkateswara_Prabhu_vs_Narayan_Prabhu_Krishna_Prabhu_Ors_on_19_January_1977 | The State Of Andhra Pradesh vs B. Ranga Reddy (D) By L.R.","Dadu Dayalu Mahasabha, Jaipur (Trust) vs Mahant Ram Niwas & Anr"
15,C15,36,Dir_Of_Settlements_A_P_Ors_vs_M_R_Apparao_Anr_on_20_March_2002,"Dir_Of_Settlements_A_P_Ors_vs_M_R_Apparao_Anr_on_20_March_2002 | State Of U.P. And Anr vs M/S. Synthetics And Chemicals Ltd. And ... on 18 July, 1991 | S.B. Bhattacharjee vs S.D. Majumdar & Ors | M_S_Shanti_Conductors_P_Ltd_Anr_vs_Assam_State_Electricity_Board_Ors_on_31_August_2016 | B_Shama_Rao_vs_The_Union_Territory_Of_Pondicherry_on_20_February_1967",Dir_Of_Settlements_A_P_Ors_vs_M_R_Apparao_Anr_on_20_March_2002
16,C16,17,Bharat Petroleum Corpn. Ltd vs Maddula Ratnavalli & Ors,Bharat Petroleum Corpn. Ltd vs Maddula Ratnavalli & Ors | Kailash Chand & Anr vs Dharam Dass | M/S.Sait Nagjee Purushotham & Co.Ltd vs Vimalabai Prabhulal & Ors | Mst. Faizunnisa vs Eviction Petition No. 127/13 (New ... | Shankarlal vs Land Acquisition Officer State Of M.P. ...,Bharat Petroleum Corpn. Ltd vs Maddula Ratnavalli & Ors
17,C17,10,Madhya Bharat Abolition of Jagir Act,"Mirza_Raja_Shri_Pushavathi_Viziaram_vs_Shri_Pushavathi_Visweswar_Gajapathi_on_19_March_1963 | The State Of Madhya Pradesh vs Sabal Singh (Dead) By Lrs | State Of Madhya Pradesh & Ors vs Sardar D. K. Jadhav on 14 December, 1971 | Dattatraya @ Prakash And Ors vs Krishna Rao @ Lala Saheb Baxi Through ... on 20 August, 1991 | State Of Madhya Pradesh & Ors vs Sardar D.K. Jadav on 25 January, 1968",Madhya Bharat Abolition of Jagir Act
18,C18,9,"Judges
(Protection) Act,  1985","Judges
(Protection) Act,  1985 | Sumer Singh vs Surajbhan Singh & Ors on 22 April, 2014 | Zunjarrao Bhikaji Nagarkar vs. 
Union of India & Ors. | Amresh Shrivastava vs The State Of Madhya Pradesh on 1 April, 2025 | State Of H.P vs Nirmala Devi","Amresh Shrivastava vs The State Of Madhya Pradesh on 1 April, 2025"
19,C19,4,Rohtash Kumar vs State Of Haryana,"Rohtash Kumar vs State Of Haryana | Fedrick Cutinha vs State Of Karnataka on 18 April, 2023 | Ravasaheb @ Ravasahebagouda vs The State Of Karnataka on 16 March, 2023 | Darshan Singh & others vs. State of Punjab",Rohtash Kumar vs State Of Haryana
