community_id,size,top_node_label,top_node_global_pr,top5_by_global_pr,case_nodes,ref_nodes
0,10922,"Maharashtra State Board of Secondary 
and Higher Secondary Education and another v. Paritosh Bhupesh 
Kurmarsheth and others",0.00084626,"Maharashtra State Board of Secondary 
and Higher Secondary Education and another v. Paritosh Bhupesh 
Kurmarsheth and others | Charan_Lal_Sahu_Etc_Etc_vs_Union_Of_India_And_Ors_on_22_December_1989 | Miss Sundarambai v. Government of Goa | India Act | Art. 32",1063,9859
2,7913,the Code of Civil Procedure,0.00209625,"the Code of Civil Procedure | Miheer H. Mafatlal vs Mafatlal Industries Ltd on 11 September, 1996 | Tirumala Tirupati Devasthanams vs K.M. Krishnaiah on 2 March, 1998 | S.100 | N.	 Balakrishnan v.  M.Krishnamurthy",1097,6816
4,7289,"State of Haryana and Ors. v. Ch. Bhajan Lal and Ors., J.T.",0.00096861,"State of Haryana and Ors. v. Ch. Bhajan Lal and Ors., J.T. | Code of Criminal Procedure | G. Sagar
Suri &	Anr. vs. State of U.P. & Ors. | Indian Penal Code | Section 302",988,6301
33,4259,Indian Kanoon - Search engine for Indian Law,0.0008689,Indian Kanoon - Search engine for Indian Law | State (N.C.T. Of Delhi) vs Navjot Sandhu@ Afsan Guru | Indian Kanoon - Search engine for Indian Law | Indian Kanoon - Search engine for Indian Law | Indian Kanoon - Search engine for Indian Law,41,4218
5,4132,Article 226,0.00101262,"Article 226 | Indian Kanoon - Search engine for Indian Law | Hindustan Petroleum Corpn. Ltd vs Darius Shapur Chenai & Ors | Land Acquisition Act, 1894 | Byram Pestonji Gariwala v. Union Bank of India",597,3535
90,3613,Indian Kanoon - Search engine for Indian Law,0.00138817,"Indian Kanoon - Search engine for Indian Law | Indian Kanoon - Search engine for Indian Law | New
India Assurance Compay vs. Satpal Singh and Ors. | The Oriental Insurance Company Limited vs Meena Variyal & Ors | M/S. National Insurance Co. Ltd vs Baljit Kaur And Ors",77,3536
125,2850,Indian Kanoon - Search engine for Indian Law,0.00113896,Indian Kanoon - Search engine for Indian Law | Indian Kanoon - Search engine for Indian Law | Indian Kanoon - Search engine for Indian Law | Indian Kanoon - Search engine for Indian Law | Gorige Pentaiah vs State Of A.P. & Ors,18,2832
43,2815,"Bondar Singh 
& Ors. vs. Nihal Singh & Ors.",0.00078286,"Bondar Singh 
& Ors. vs. Nihal Singh & Ors. | L.I.C. Of India vs Anuradha | P.T. Munichikkanna Reddy & Ors vs Revamma And Ors | Indian Kanoon - Search engine for Indian Law | Lalchand Marwari v. Ramrup Gir (LIII I.A.",45,2770
129,2745,G.M. Tank vs State Of Gujarat & Anr,0.00080597,G.M. Tank vs State Of Gujarat & Anr | Indian Kanoon - Search engine for Indian Law | Indian Kanoon - Search engine for Indian Law | Indian Kanoon - Search engine for Indian Law | G.M. Tank vs State Of Gujarat & Anr,38,2707
11,2614,"Sridevi & Ors vs. 
Jayaraja Shetty & Ors",0.00066769,"Sridevi & Ors vs. 
Jayaraja Shetty & Ors | Indian Kanoon - Search engine for Indian Law | Bharpur Singh & Ors vs Shamsher Singh | Indian Kanoon - Search engine for Indian Law | Indian Kanoon - Search engine for Indian Law",194,2420
94,2411,"Jindal Stainless Ltd. & 
Anr. v. State of Haryana & Ors. [JT",0.00093239,"Jindal Stainless Ltd. & 
Anr. v. State of Haryana & Ors. [JT | Gujarat Ambuja Cements Ltd.& Anr vs Union Of India & Anr | Indian Kanoon - Search engine for Indian Law | State_Of_West_Bengal_vs_Kesoram_Industries_Ltd_And_Ors_on_15_January_2004 | Indian Kanoon - Search engine for Indian Law",30,2381
82,2359,Indian Kanoon - Search engine for Indian Law,0.00089147,"Indian Kanoon - Search engine for Indian Law | Delhi Development Authority vs M/S. R.S. Sharma & Co., New Delhi | Indian Kanoon - Search engine for Indian Law | Indian Kanoon - Search engine for Indian Law | Indian Kanoon - Search engine for Indian Law",27,2332
136,2343,Indian Kanoon - Search engine for Indian Law,0.00080678,"Indian Kanoon - Search engine for Indian Law | Indian Kanoon - Search engine for Indian Law | Indian Kanoon - Search engine for Indian Law | Intellectuals Forum, Tirupathi vs State Of A.P. & Ors | Union_Public_Service_Commission_vs_Girish_Jayanti_Lal_Vaghela_Others_on_2_February_2006",25,2318
15,2284,Indian Kanoon - Search engine for Indian Law,0.00037726,"Indian Kanoon - Search engine for Indian Law | Shrimant Padmaraje R. Kadambande vs Commissioner Of Income Tax, Pune on 22 April, 1992 | Indian Kanoon - Search engine for Indian Law | Indian Kanoon - Search engine for Indian Law | On Board  Circular Collector  of Central  Excise, Patna
vs. Usha  Martin Industries",231,2053
89,2259,Indian Kanoon - Search engine for Indian Law,0.00088946,Indian Kanoon - Search engine for Indian Law | Indian Kanoon - Search engine for Indian Law | Indian Kanoon - Search engine for Indian Law | Indian Kanoon - Search engine for Indian Law | Indian Kanoon - Search engine for Indian Law,26,2233
8,2251,"B.R. Mehta vs Smt. Atma Devi & Ors on 2 September, 1987",0.00080108,"B.R. Mehta vs Smt. Atma Devi & Ors on 2 September, 1987 | Sri Ram Pasricha v. Jagannath and Ors. | Dhannalal Vs. Kalawatibai & Ors. | Indian Kanoon - Search engine for Indian Law | Municipal_Corporation_Of_Greater_vs_Kamla_Mills_Ltd_on_11_July_2003",321,1930
121,2117,Indian Kanoon - Search engine for Indian Law,0.00087697,"Indian Kanoon - Search engine for Indian Law | Popat And Kotecha Property vs State Bank Of India Staff Association | Indian Kanoon - Search engine for Indian Law | Indian Kanoon - Search engine for Indian Law | N.V. Srinivasa 
Murthy v. Mariyamma",25,2092
148,2102,Indian Kanoon - Search engine for Indian Law,0.00086622,Indian Kanoon - Search engine for Indian Law | Sumtibai & Others vs Paras Finance Co. Mankanwar W/O ... | Indian Kanoon - Search engine for Indian Law | Indian Kanoon - Search engine for Indian Law | Indian Kanoon - Search engine for Indian Law,29,2073
107,2093,Indian Kanoon - Search engine for Indian Law,0.00099309,Indian Kanoon - Search engine for Indian Law | Guruvayur_Devaswom_Managing_Commit_vs_C_K_Rajan_Others_on_14_August_2003 | Ashok Leland Ltd vs State Of Tamil Nadu And Anr | Indian Kanoon - Search engine for Indian Law | Indian Kanoon - Search engine for Indian Law,31,2062
61,2045,Indian Kanoon - Search engine for Indian Law,0.00078221,Indian Kanoon - Search engine for Indian Law | Pushpa Devi Bhagat (D) Th. Lr.Smt. ... vs Rajinder Singh & Ors | Indian Kanoon - Search engine for Indian Law | Indian Kanoon - Search engine for Indian Law | Indian Kanoon - Search engine for Indian Law,24,2021
131,1986,Indian Kanoon - Search engine for Indian Law,0.0006882,Indian Kanoon - Search engine for Indian Law | Indian Kanoon - Search engine for Indian Law | Indian Kanoon - Search engine for Indian Law | Indian Kanoon - Search engine for Indian Law | Indian Kanoon - Search engine for Indian Law,21,1965
119,1856,Indian Kanoon - Search engine for Indian Law,0.0007399,"Indian Kanoon - Search engine for Indian Law | Kailash vs Nanhku & Ors | Usha Balashaheb Swami & Ors vs Kiran Appaso Swami & Ors | Indian Kanoon - Search engine for Indian Law | Bikram Singh & Ors.
Vs. Ram Baboo & Ors.",23,1833
103,1817,Indian Kanoon - Search engine for Indian Law,0.00066423,Indian Kanoon - Search engine for Indian Law | Indian Kanoon - Search engine for Indian Law | State Of U.P. And Anr vs Johri Mal | Indian Kanoon - Search engine for Indian Law | Indian Kanoon - Search engine for Indian Law,27,1790
49,1675,Indian Kanoon - Search engine for Indian Law,0.00075078,Indian Kanoon - Search engine for Indian Law | M/S.Sait Nagjee Purushotham & Co.Ltd vs Vimalabai Prabhulal & Ors | Indian Kanoon - Search engine for Indian Law | Indian Kanoon - Search engine for Indian Law | Indian Kanoon - Search engine for Indian Law,21,1654
124,1579,K_H_Siraj_vs_High_Court_Of_Kerala_Ors_on_23_May_2006,0.00077222,K_H_Siraj_vs_High_Court_Of_Kerala_Ors_on_23_May_2006 | Indian Kanoon - Search engine for Indian Law | Indian Kanoon - Search engine for Indian Law | New India Assurance Company Ltd vs Nusli Neville Wadia And Another | Indian Kanoon - Search engine for Indian Law,18,1561
3,1463,Indian Kanoon - Search engine for Indian Law,0.00038304,"Indian Kanoon - Search engine for Indian Law | Ghaziabad_Zila_Sahkari_Bank_Ltd_vs_Addl_Labour_Commissioner_Ors_on_17_January_2007 | The_Jumma_Masjid_Mercara_vs_Kodimaniandra_Deviah_on_11_January_1962 | Ajit Kumar Nag v. General Manager, Indian Oil Corporation Ltd. | Managing   Director,	 ECIL,	 Hyderabad   v.	  B.
Karunakarl42",90,1373
92,1399,Indian Kanoon - Search engine for Indian Law,0.00106305,Indian Kanoon - Search engine for Indian Law | Indian Kanoon - Search engine for Indian Law | Indian Kanoon - Search engine for Indian Law | Workmen_Of_Nilgiri_Coop_Mkt_Society_vs_State_Of_Tamil_Nadu_Ors_on_5_February_2004 | Steel Authority Of India Ltd vs Union Of India & Ors,10,1389
67,1398,Indian Kanoon - Search engine for Indian Law,0.00034006,"Indian Kanoon - Search engine for Indian Law | Indian Kanoon - Search engine for Indian Law | Indian Kanoon - Search engine for Indian Law | Smt. Sushila Rani vs. Commissioner of Income Tax &
Anr. | Union Of India vs Sampat Raj Dugar And Anr on 21 January, 1992",85,1313
37,1379,State_Of_Punjab_And_Anr_vs_Devans_Modern_Brewaries_Ltd_And_Anr_on_20_November_2003,0.0008427,State_Of_Punjab_And_Anr_vs_Devans_Modern_Brewaries_Ltd_And_Anr_on_20_November_2003 | Indian Kanoon - Search engine for Indian Law | Indian Kanoon - Search engine for Indian Law | Indian Kanoon - Search engine for Indian Law | Indian Kanoon - Search engine for Indian Law,18,1361
115,1379,Indian Kanoon - Search engine for Indian Law,0.00062417,"Indian Kanoon - Search engine for Indian Law | Indian Kanoon - Search engine for Indian Law | Union Of India & Ors vs Krishan Lal Arneja & Ors | Indian Kanoon - Search engine for Indian Law | Trust Vs. 

State of Haryana & Ors.",18,1361
80,1363,Indian Kanoon - Search engine for Indian Law,0.00082282,Indian Kanoon - Search engine for Indian Law | Indian Kanoon - Search engine for Indian Law | Indian Kanoon - Search engine for Indian Law | Indian Kanoon - Search engine for Indian Law | Kuldeep Singh vs Govt. Of Nct Of Delhi,15,1348
23,1358,Indian Kanoon - Search engine for Indian Law,0.00044438,"Indian Kanoon - Search engine for Indian Law | Indian Kanoon - Search engine for Indian Law | Om Prakash Gupta Vs. Ranbir B. Goyal (Civil
Appeal No.5460 | S.B. Bhattacharjee vs S.D. Majumdar & Ors | B_L_Sreedhar_Ors_vs_K_M_Munireddy_Dead_And_Ors_on_5_December_2002",18,1340
6,1341,T.N. Godavaraman Thirumulkpad v. Union of India & Ors,0.00046447,"T.N. Godavaraman Thirumulkpad v. Union of India & Ors | State Of U.P. & Ors vs Maharaja Dharmander Prasad Singh Etc on 17 January, 1989 | M.C. Mehta vs Union Of India & Ors on 30 December, 1996 | Ambica_Quarry_Works_Anr_vs_State_Of_Gujarat_Ors_on_11_December_1986 | Narmada Bachao Andolan Vs.

      Union  of India",150,1191
7,1300,Kuldip_Chand_Anr_vs_Advocate_General_To_Government_Of_on_14_February_2003,0.00027279,"Kuldip_Chand_Anr_vs_Advocate_General_To_Government_Of_on_14_February_2003 | State_Of_Tamil_Nadu_Etc_vs_Ramalinga_Samigal_Madam_Etc_on_1_May_1985 | Commissioner_Of_Income_Tax_Bombay_vs_Ahmedbhai_Umarbhai_Co_Bombay_on_4_May_1950 | Muddada_Chayana_vs_Karnam_Narayana_And_Anr_Etc_on_14_February_1979 | Vanagiri Sri Selliamman Ayyanar 
Uthirasomasundareswarar Temple vs. Rajanga Asari",91,1209
27,1277,Bharat Sanchar Nigam Ltd. & Anr vs Union Of India & Ors,0.0006668,Bharat Sanchar Nigam Ltd. & Anr vs Union Of India & Ors | Tata_Consultancy_Services_vs_State_Of_Andhra_Pradesh_on_5_November_2004 | Indian Kanoon - Search engine for Indian Law | State_Of_A_P_vs_National_Thermal_Power_Corpn_Ltd_Ors_on_22_April_2002 | Imagic Creative Pvt. Ltd vs Commissioner Of Commercial Taxes & Ors,12,1265
118,1126,Indian Kanoon - Search engine for Indian Law,0.00100349,"Indian Kanoon - Search engine for Indian Law | Indian Kanoon - Search engine for Indian Law | Indian Kanoon - Search engine for Indian Law | State of Karnataka vs. Vishwabharathi House Building 
Coop. Society and others | Indian Kanoon - Search engine for Indian Law",10,1116
138,1122,Indian Kanoon - Search engine for Indian Law,0.00074234,Indian Kanoon - Search engine for Indian Law | Indian Kanoon - Search engine for Indian Law | Indian Kanoon - Search engine for Indian Law | Indian Kanoon - Search engine for Indian Law | Indian Kanoon - Search engine for Indian Law,9,1113
139,1079,Indian Kanoon - Search engine for Indian Law,0.00048603,"Indian Kanoon - Search engine for Indian Law | Secretary v.   Bipin Kumar and Anr. | Indian Kanoon - Search engine for Indian Law | R. Sai Bharathi Vs. J. Jayalalitha & 
Ors. [JT | Vidadala Harinadhababu vs. N.T. Ramarao",14,1065
123,1062,T.Lakshmipathi & Ors vs P.Nithyananda Reddy & Ors,0.00108257,"T.Lakshmipathi & Ors vs P.Nithyananda Reddy & Ors | Indian Kanoon - Search engine for Indian Law | Indian Kanoon - Search engine for Indian Law | Ekta Shakti Foundation vs Govt. Of Nct Of Delhi | Kastha Niwarak Grahnirman Sahakari ... vs President, Indore Development ...",17,1045
13,1059,Pradeep_Kumar_Biswas_vs_Indian_Institute_Of_Chemical_Biology_on_16_April_2002,0.00081491,"Pradeep_Kumar_Biswas_vs_Indian_Institute_Of_Chemical_Biology_on_16_April_2002 | Greater Bombay Co-Op. Bank Ltd vs M/S United Yarn Tex. Pvt. Ltd. & Ors | Zee Telefilms Ltd. & Anr vs Union Of India & Ors | Indian Kanoon - Search engine for Indian Law | Union of
India V. A.V. Narasimhalu",14,1045
133,1057,Indian Kanoon - Search engine for Indian Law,0.00081481,Indian Kanoon - Search engine for Indian Law | Raju S. Jethmalani  v. State of Maharashtra | Indian Kanoon - Search engine for Indian Law | Indian Kanoon - Search engine for Indian Law | S.N. Chandrashekar And Anr vs State Of Karnataka And Ors,7,1050
18,1012,Indian Kanoon - Search engine for Indian Law,0.00076966,Indian Kanoon - Search engine for Indian Law | Rameshwar_Prasad_Ors_vs_Union_Of_India_Anr_on_24_January_2006 | M/S Maruti Udyog Ltd vs Ram Lal & Ors | Indian Kanoon - Search engine for Indian Law | Madhya_Pradesh_Special_Police_vs_State_Of_Madhya_Pradesh_Ors_on_5_November_2004,17,995
134,992,Indian Kanoon - Search engine for Indian Law,0.00084716,Indian Kanoon - Search engine for Indian Law | Indian Kanoon - Search engine for Indian Law | South_Eastern_Coalfields_Ltd_vs_State_Of_M_P_And_Ors_on_13_October_2003 | Indian Kanoon - Search engine for Indian Law | State_Of_West_Bengal_Ors_vs_Karan_Singh_Binayak_Ors_on_20_March_2002,9,983
75,950,Indian Kanoon - Search engine for Indian Law,0.00078184,Indian Kanoon - Search engine for Indian Law | Canara Bank vs V.K. Awasthy | Indian Kanoon - Search engine for Indian Law | Indian Kanoon - Search engine for Indian Law | Indian Kanoon - Search engine for Indian Law,11,939
70,904,Indian Kanoon - Search engine for Indian Law,0.00065076,Indian Kanoon - Search engine for Indian Law | Uttaranchal Forest Development Corpn. ... vs Jabar Singh And Ors | Indian Kanoon - Search engine for Indian Law | Indian Kanoon - Search engine for Indian Law | Indian Kanoon - Search engine for Indian Law,25,879
153,885,Indian Kanoon - Search engine for Indian Law,0.00090392,Indian Kanoon - Search engine for Indian Law | Indian Kanoon - Search engine for Indian Law | Indian Kanoon - Search engine for Indian Law | Indian Kanoon - Search engine for Indian Law | Indian Kanoon - Search engine for Indian Law,7,878
16,853,State_Of_H_P_And_Ors_vs_Gujarat_Ambuja_Cement_Ltd_And_Anr_on_18_July_2005,0.00082125,State_Of_H_P_And_Ors_vs_Gujarat_Ambuja_Cement_Ltd_And_Anr_on_18_July_2005 | Indian Kanoon - Search engine for Indian Law | Indian Kanoon - Search engine for Indian Law | Indian Kanoon - Search engine for Indian Law | R.C. Tobacco Pvt. Ltd. & Anr. Etc vs Union Of India & Ors,15,838
34,849,Union_Of_India_vs_Pramod_Gupta_D_By_Lrs_Ors_on_7_September_2005,0.00109551,Union_Of_India_vs_Pramod_Gupta_D_By_Lrs_Ors_on_7_September_2005 | Indian Kanoon - Search engine for Indian Law | Indian Kanoon - Search engine for Indian Law | Umesh Kumar Nagpal  Vs. State of Haryana | Union Bank of India & Ors.  Vs.  M.T. Latheesh,12,837
102,849,Nair Service Society vs State Of Kerala,0.00040546,"Nair Service Society vs State Of Kerala | Indian Kanoon - Search engine for Indian Law | Deewan Singh & Ors. Ã Appellants vs Rajendra Pd. Ardevi & Ors. Ã Respondents | Indian Kanoon - Search engine for Indian Law | Dadu Dayalu Mahasabha, Jaipur (Trust) vs Mahant Ram Niwas & Anr",13,836
101,819,Indian Kanoon - Search engine for Indian Law,0.00083591,"Indian Kanoon - Search engine for Indian Law | Indian Kanoon - Search engine for Indian Law | Indian Kanoon - Search engine for Indian Law | State of Andhra Pradesh vs. P.V. Narayana | Sailendra 
Nath Bose vs. State of Bihar",9,810
59,789,Indian Kanoon - Search engine for Indian Law,0.00054521,Indian Kanoon - Search engine for Indian Law | Indian Kanoon - Search engine for Indian Law | Indian Kanoon - Search engine for Indian Law | S_Amarjit_Singh_Kalra_Dead_Ram_vs_Smt_Pramod_Gupta_Dead_By_L_Rs_Ors_on_17_December_2002 | Subal Paul vs Malina Paul And Anr,13,776
78,783,J_K_Industries_Ltd_And_Anr_vs_Union_Of_India_Uoi_And_Ors_on_19_November_2007,0.00089176,"J_K_Industries_Ltd_And_Anr_vs_Union_Of_India_Uoi_And_Ors_on_19_November_2007 | The_State_Of_West_Bengal_vs_Kesoram_Industries_Ltd_And_Ors_on_15_January_2004 | Indian Kanoon - Search engine for Indian Law | Indian Kanoon - Search engine for Indian Law | Chainrup Sampatram vs Commissioner Of Income-Tax,West ... on 9 October, 1953",12,771
141,781,Indian Kanoon - Search engine for Indian Law,0.00124958,Indian Kanoon - Search engine for Indian Law | Indian Kanoon - Search engine for Indian Law | Indian Kanoon - Search engine for Indian Law | Avas Vikas Sansthan & Anr vs Avas Vikas Sansthan Engineers Assn. & ... | Popular Muthiah vs State Represented By Inspector Of ...,6,775
149,731,Indian Kanoon - Search engine for Indian Law,0.00061581,Indian Kanoon - Search engine for Indian Law | Indian Kanoon - Search engine for Indian Law | Indian Kanoon - Search engine for Indian Law | Indian Kanoon - Search engine for Indian Law | Indian Kanoon - Search engine for Indian Law,8,723
63,715,M.S. Narayana Menon @ Mani vs State Of Kerala & Anr,0.00119838,M.S. Narayana Menon @ Mani vs State Of Kerala & Anr | Indian Kanoon - Search engine for Indian Law | Indian Kanoon - Search engine for Indian Law | Indian Kanoon - Search engine for Indian Law | Delhi Administration vs. Sanjay Gandhi,6,709
142,697,Indian Kanoon - Search engine for Indian Law,0.00096006,"Indian Kanoon - Search engine for Indian Law | Surya_Dev_Rai_vs_Ram_Chander_Rai_Ors_on_7_August_2003 | Indian Kanoon - Search engine for Indian Law | M_S_Mahendra_Saree_Emporium_vs_G_V_Srinivasa_Murthy_on_27_August_2004 | Salem Advocates Bar 
Association, T.N. v. Union of India",4,693
159,683,Kailash vs State Of M.P,0.0009163,Kailash vs State Of M.P | Indian Kanoon - Search engine for Indian Law | Indian Kanoon - Search engine for Indian Law | Indian Kanoon - Search engine for Indian Law | Pappu v. State of Madhya Pradesh,4,679
68,659,Indian Kanoon - Search engine for Indian Law,0.00073419,Indian Kanoon - Search engine for Indian Law | Indian Kanoon - Search engine for Indian Law | Indian Kanoon - Search engine for Indian Law | Indian Kanoon - Search engine for Indian Law | Shri Ram & Anr. v. Ist Addl,18,641
143,610,Indian Kanoon - Search engine for Indian Law,0.0008196,Indian Kanoon - Search engine for Indian Law | Indian Kanoon - Search engine for Indian Law | Indian Kanoon - Search engine for Indian Law | Indian Kanoon - Search engine for Indian Law | Jagadish Chandra v. Basant Kumar,4,606
25,523,Trojan_Co_Ltd_vs_Rm_N_N_Nagappa_Chettiar_on_20_March_1953,0.00028339,Trojan_Co_Ltd_vs_Rm_N_N_Nagappa_Chettiar_on_20_March_1953 | Bhagwati_Prasad_vs_Shri_Chandramaul_on_19_October_1965 | SCR 339 and Ningawwa v. Byrappa | Sheodhari_Rai_And_Ors_vs_Suraj_Prasad_Singh_And_Ors_on_1_December_1950 | Chettiam_Veettil_Ammad_And_Anr_vs_Taluk_Land_Board_And_Ors_on_2_May_1979,79,444
26,512,Indian Kanoon - Search engine for Indian Law,0.00039822,"Indian Kanoon - Search engine for Indian Law | Indian Kanoon - Search engine for Indian Law | Mannan Lal vs Mst. Chhotaka Bibi on 10 April, 1970 | Narandas Morardas Gajiwala v. 
S.P.A.M. Papammal | Secy. Of State v. Ateendranath Das",30,482
71,503,Indian Kanoon - Search engine for Indian Law,0.00093452,"Indian Kanoon - Search engine for Indian Law | Hindustan Petroleum Corporation Ltd. ... vs Dolly Das on 13 April, 1999 | P. Ananthakrishnan Nair & Anr vs Dr. G. Ramakrishnan & Anr on 31 March, 1987 | Indian Kanoon - Search engine for Indian Law | Indian Kanoon - Search engine for Indian Law",12,491
98,500,Indian Kanoon - Search engine for Indian Law,0.00045552,"Indian Kanoon - Search engine for Indian Law | General_Assurance_Society_Ltd_vs_Chandumull_Jain_And_Anr_on_7_February_1966 | Indian Kanoon - Search engine for Indian Law | Oriental Insurance Co. Ltd. vs. Samayanallur Primary 
Agricultural Co-op. Bank | M/S. Peacock Plywood Pvt. Ltd vs The Oriental Insurance Co. Ltd",25,475
132,499,Ghurey_Lal_vs_State_Of_U_P_on_30_July_2008,0.00090732,Ghurey_Lal_vs_State_Of_U_P_on_30_July_2008 | Indian Kanoon - Search engine for Indian Law | Indian Kanoon - Search engine for Indian Law | Meharaj Singh v. State of U.P. | Tota Singh & Another v. State of Punjab,3,496
144,482,Indian Kanoon - Search engine for Indian Law,0.00064132,Indian Kanoon - Search engine for Indian Law | Indian Kanoon - Search engine for Indian Law | Indian Kanoon - Search engine for Indian Law | Tanna And Modi vs C.I.T. Mumbai Xxv And Ors | Vidhyadhari & Ors. v. Sukhrana Bai & Ors.,8,474
12,475,Bihar Finance Service H.C. Coop. Soc. ... vs Gautam Goswami & Ors,0.00044451,"Bihar Finance Service H.C. Coop. Soc. ... vs Gautam Goswami & Ors | Indian Kanoon - Search engine for Indian Law | Indian Kanoon - Search engine for Indian Law | Director of Education, Uttaranchal and others v. Ved 
Prakash Joshi and others | Maruti Udyog Limited v. Mahinder 
C. Mehta and Ors.",23,452
130,471,Indian Kanoon - Search engine for Indian Law,0.00077113,"Indian Kanoon - Search engine for Indian Law | State Of Uttaranchal vs Rajesh Kumar Gupta | Indian Kanoon - Search engine for Indian Law | Rajinder Gupta vs.  The State | Collector of Customs, New Delhi vs. Ahmadalieva Nodira",3,468
10,457,Indian Kanoon - Search engine for Indian Law,0.00043358,Indian Kanoon - Search engine for Indian Law | Indian Kanoon - Search engine for Indian Law | Indian Kanoon - Search engine for Indian Law | Kaushnuma Begum v. New India Assurance Co. Ltd. | Indian Kanoon - Search engine for Indian Law,19,438
24,402,Indian Kanoon - Search engine for Indian Law,0.00057511,"Indian Kanoon - Search engine for Indian Law | Rosy Jacob vs Jacob A. Chakramakkal on 5 April, 1973 | Amjum  Hasan Siddiqui vs. Smt.Salma B. | Tirath Singh Vs. Bachittar Singh and Others | Elizabeth Dinshaw (Mrs.) v. Arvand M. Dinshaw",27,375
157,393,Indian Kanoon - Search engine for Indian Law,0.0005947,"Indian Kanoon - Search engine for Indian Law | Indian Kanoon - Search engine for Indian Law | State of Bihar & Ors vs. Akhouri Sachidananda 
Nath & Ors | Uttaranchal Forest 
Rangers Association (Direct Recruit) & Ors vs. State of 
U.P.& Ors | Indian Kanoon - Search engine for Indian Law",3,390
158,377,Indian Kanoon - Search engine for Indian Law,0.00060288,"Indian Kanoon - Search engine for Indian Law | Union Of India (Uoi) vs Chajju Ram (Dead) By Lrs. And Ors | Ranjit Singh v. Union

Territory of Chandigarh | Patel

Joitaram Kalidas & Ors. V. Special Land Acquisition Officer and

Anr. LAO | Union Of India Through The Defense ... vs Virendra Mahto",2,375
154,352,Indian Kanoon - Search engine for Indian Law,0.00094702,Indian Kanoon - Search engine for Indian Law | State of Bihar v. Deokaran Nenshi | Sujata Mukherjee (Smt) v. Prashant Kumar Mukherjee | Ramesh and Others v. State of T.N. | s. 630,6,346
160,345,Indian Kanoon - Search engine for Indian Law,0.00065207,Indian Kanoon - Search engine for Indian Law | Indian Kanoon - Search engine for Indian Law | (Gujarat Electricity Board) (Now ... vs Meghavi Rajendrakumar Shukla | Jogindro vs State Of Haryana And Ors. | WP(C)/3436/2016,2,343
162,319,Indian Kanoon - Search engine for Indian Law,0.00057542,Indian Kanoon - Search engine for Indian Law | Indian Kanoon - Search engine for Indian Law | Smt. P. Jayalakshmi and Another vs. V. Revichandran and Another | Retnamma vs Sivanandan | Julfan vs . Shabnam And Another,2,317
14,309,Indian Kanoon - Search engine for Indian Law,0.00063595,"Indian Kanoon - Search engine for Indian Law | Indian Kanoon - Search engine for Indian Law | Richpal Singh And Others Etc vs Dalip on 9 September, 1987 | Shri_Raja_Durga_Singh_Of_Solan_vs_Tholu_on_1_May_1962 | Magiti_Sasamal_vs_Pandab_Bissoi_on_20_September_1961",6,303
166,210,Indian Kanoon - Search engine for Indian Law,0.00060715,"Indian Kanoon - Search engine for Indian Law | Land 
Acquisition Officer, A.P. v. Kamandana Ramakrishna Rao & Anr. | Airports Authority of India v. 
Satyagopal Roy & Ors. | Kerala Electricity 
Board v. Thomas | C.Ram Prakash vs Power Grid Corporation Of India Ltd",1,209
100,206,Indian Kanoon - Search engine for Indian Law,0.00026447,"Indian Kanoon - Search engine for Indian Law | Bhagat Ram v. State of Punjab | Bhagirath Ram Chand v.  State of Punjab | Kerala State 
Electricity Board vs. Hitech Electrothermics & Hydropower Ltd. & 
Ors. | Indira_Sohanlal_vs_Custodian_Of_Evacuee_Property_Delhi_on_28_October_1955",14,192
151,200,Indian Kanoon - Search engine for Indian Law,0.00028084,"Indian Kanoon - Search engine for Indian Law | M. H.
Devendrappa vs. Karnataka State Small Industries Development Corporation | Indian Kanoon - Search engine for Indian Law | Zunjarrao Bhikaji Nagarkar vs. 
Union of India & Ors. | State of Punjab and Ors. vs. Ram Singh Ex. Constable",3,197
20,199,"Union Of India & Ors vs Major General Madan Lal Yadav [Retd.] on 22 March, 1996",0.00031973,"Union Of India & Ors vs Major General Madan Lal Yadav [Retd.] on 22 March, 1996 | Harish Chandra Bajpai v. Triloki Singh | Om  Prabha Jain	 v. Gian  Chand &  Anr. | Gopi_Chand_vs_The_Delhi_Administration_on_20_January_1959 | Ranjit
Thakur	v.  Union  of India",20,179
167,155,Indian Kanoon - Search engine for Indian Law,0.00045811,Indian Kanoon - Search engine for Indian Law | Parveen Sharma And Others vs State Of Haryana And Others | Maninder Kumar @ Talli And Others vs State Of Punjab And Another | Vicky vs State Of Haryana And Another | Narinder Singh @ Nikka vs State Of Punjab Etc,1,154
168,126,Indian Kanoon - Search engine for Indian Law,0.00036986,Indian Kanoon - Search engine for Indian Law | Thomas vs Sunnichan | Sanjay Jalan vs Sunita Jalan | Ashwini Mahesh Bhise vs Mahesh Dhondiram Bhise | Savita Sandip Kale vs Sandip Ranu Kale,1,125
163,98,Indian Kanoon - Search engine for Indian Law,0.00028534,Indian Kanoon - Search engine for Indian Law | State of U.P. vs. Sangita Gupta & Ors. | Mayaben Ramsingbhai Delvar & vs State Of Gujarat & 2 | Ushaben Ratnagar Goswami & vs State Of Gujarat & 2 | Khatik Rohini Misrilal & vs State Of Gujarat & 4,1,97
122,71,Section 6,0.00011391,"Section 6 | Art. 31A(1)(b) | Life Insurance (Emergency Provisions) Act | Smt.Sarbati Devi  &  Anr.	 vs.
Smt.Usha  Devi | section 7",2,69
161,63,Indian Kanoon - Search engine for Indian Law,0.00017804,"Indian Kanoon - Search engine for Indian Law | State of Maharashtra v.
Chandraprakash Kewal Chand Jain | State of H.P. v. Gian Chand | Jafarudheen vs State Of Kerala | Vallabhbhai Avsarbhai Patel vs State Of Gujarat",1,62
150,53,"The Andhra Pradesh Education Act, 1982",4.86e-06,"The Andhra Pradesh Education Act, 1982 | sections

      42 | 47 | Section 43 | section 44",2,51
1,51,48.United Commercial Bank v. Bank of India2,1.547e-05,48.United Commercial Bank v. Bank of India2 | The_Commissioner_Of_Sales_Tax_Eastern_vs_Husenali_Adamji_And_Co_on_21_April_1959 | 54.In U.P. Cooperative Federation Ltd. v. Singh Consultants & Engineers (P) Ltd. | s. 24(1) | Section 13,5,46
152,50,"Section 408 in The Companies Act, 1956",3.78e-06,"Section 408 in The Companies Act, 1956 | Sections 503 | 512 | 504 | 505",1,49
164,42,Indian Kanoon - Search engine for Indian Law,0.00012085,"Indian Kanoon - Search engine for Indian Law | Ram Briksh v. Ambika Yadav | State vs Jagmohan Singh | State vs Jagmohan @ Nitin, | State vs . Jagmohan @ Sonu",1,41
146,39,"N.K. Jain And Others vs C.K.Shah And Others on 26 March, 1991",7.06e-06,"N.K. Jain And Others vs C.K.Shah And Others on 26 March, 1991 | Section 5 | Mohmedalli and Others v. Union of India and another | s.14(2A) | s. 5",2,37
140,32,221(2).,4.14e-06,221(2). | Article  222(2) | Sections 22-A | 22-B | 13,1,31
22,27,Punjab National Bank and Others v. Kunj Behari Misra,6.462e-05,"Punjab National Bank and Others v. Kunj Behari Misra | Rangasami Gounden vs Nachiappa Gounden on 16 December, 1918 | The Management Of Express Newspapers ... vs Workers & Staff Employed Under It And ... on 2 August, 1962 | Workmen_Of_Dahingeapar_Tea_Estate_vs_Dahingeapar_Tea_Estate_on_21_May_1958 | The_Indian_Hume_Pipe_Co_Ltd_vs_Their_Workmen_on_5_May_1959",6,21
105,23,J_K_Bombay_P_Ltd_vs_New_Kaiser_I_Hind_Spg_Wvg_Co_Ltd_on_22_November_1968,5.35e-06,"J_K_Bombay_P_Ltd_vs_New_Kaiser_I_Hind_Spg_Wvg_Co_Ltd_on_22_November_1968 | Jang Singh vs Brijlal And Ors on 20 February, 1963 | Tulsidas Jasraj Parekh vs The Industrial Bank Of Western India on 27 February, 1930 | Jewan Lal Daga vs Nilmani Chaudhuri on 12 December, 1927 | Premila Devi vs The Peoples Bank Of Northern India, ... on 17 October, 1938",2,21
170,17,"Madhya Pradesh Ceiling on Agricultural Holdings Act, 1960",3.82e-06,"Madhya Pradesh Ceiling on Agricultural Holdings Act, 1960 | Section 9(iv) | Section 7(b) | Section 9 | Section 11(4)",1,16
30,14,"Rup Narain Singh And Anr. vs Har Gopal Tewari And Ors. on 28 February, 1933",6.84e-06,"Rup Narain Singh And Anr. vs Har Gopal Tewari And Ors. on 28 February, 1933 | Raghunath_Keshava_Kharkar_vs_Ganesh_And_Others_on_2_May_1963 | Section 2(h) | Greedharee Doss v. Nandokissore Doss | Mohunt(1) and Ramalingam Pillai v. Vythiaingam Pillai",2,12
156,12,Section 6,3.9e-06,Section 6 | Section 10 | Section 4 | Section 3 | Section 11,1,11
165,12,"Punjab State 
Electricity Board Vs. Collector of Customs, Bombay",3.513e-05,"Punjab State 
Electricity Board Vs. Collector of Customs, Bombay | Indian Kanoon - Search engine for Indian Law | Smt. T. Vijayalaxmi, Hyd vs Deputy Registrar / Divisional Coop. ... | Sri. Arun Kumar Agarwal vs Union Of India | Sri. Neha Agarwa vs Union Of India",1,11
113,8,s. 3,6.9e-06,s. 3 | S. 14 | Subramanya Pandya Chokka Talawar v. Siva Subramanya Pillai | Section 4 | Section 12,1,7
116,8,"Displaced Persons (Claims) Act, 1950",4.28e-06,"Displaced Persons (Claims) Act, 1950 | Section 5(1)(b) | S. 4(3) | s. 5(1) | s. 2(f)",1,7
88,8,"Vasudeva Mudaliar vs K.S. Srinivasa Pillai on 22 July, 1907",4.12e-06,"Vasudeva Mudaliar vs K.S. Srinivasa Pillai on 22 July, 1907 | Ramdoyal vs Junmenjoy Coondoo on 1 April, 1887 | Purushottam Umedbhai & Co vs M/S. Manilal And Sons (In Connected ... on 7 October, 1960 | Sri Mahant Prayaga Doss Jee Varu vs Board Of Commissioners For Hindu ... on 8 March, 1926 | Ramsebuk And Ors. vs Ramlall Koondoo on 28 February, 1881",1,7
52,7,"V. Narasimha Raju vs V. Gurumurthy Raju And Others on 22 August, 1962",5.24e-06,"V. Narasimha Raju vs V. Gurumurthy Raju And Others on 22 August, 1962 | The Bhowanipur Banking Corporation ... vs Shreemati Durgesh Nandini Dasi on 23 June, 1941 | Maharaja Srish Chandra Nandy And Anr. vs Supravat Chandra And Ors. on 5 January, 1940 | Kamini Kumar Basu Thakur vs Birendra Nath Basu Thakur on 21 January, 1930 | Sudhindra Kumar Rai Chaudhuri And Ors. vs Ganesh Chandra Ganguli And Ors. on 4 August, 1938",2,5
111,7,R_H_Bhutani_vs_Miss_Mani_J_Desai_Ors_on_23_April_1968,6.6e-06,"R_H_Bhutani_vs_Miss_Mani_J_Desai_Ors_on_23_April_1968 | Amritlal N. Shah vs V. Nageswara Rao on 25 March, 1946 | Sreeman Kumara Tirumalraja Bahadur, ... vs Sowcar Lodd Govind Doss Krishna Doss on 30 July, 1906 | Bai Jiba vs Chandulal Ambalal on 5 August, 1925 | K. Ganesh And Ors. vs K. Venkataswara Iyer on 27 June, 1963",2,5
96,7,"Mul Chand vs Murari Lal And Ors. on 7 November, 1913",4.16e-06,"Mul Chand vs Murari Lal And Ors. on 7 November, 1913 | P.N.M.M. Muthupalaniappa Chettiar vs N.A.R.R.M. Raman Chettiar And Anr. on 24 August, 1939 | D. Heerabai And Anr. vs Official Receiver, Krishna And Anr. on 12 June, 1962 | Nathu Ram vs Madan Gopal on 22 January, 1932 | Mul Chand And Anr. vs Official Receiver And Ors. on 15 November, 1929",1,6
17,7,"Ramalinga Mudali And Anr. vs T.S. Ramasami Ayyar on 20 December, 1928",4.16e-06,"Ramalinga Mudali And Anr. vs T.S. Ramasami Ayyar on 20 December, 1928 | Mantravadi Bhavanarayana And Anr. vs Merugu Venkatadu And Ors. on 26 August, 1953 | Mr. G. Sam, By His Agent B. Balkrishna ... vs T. Ramalinga Mudaliar And Ors. on 18 February, 1916 | Basavaraju Pitchaya vs The Secretary Of State For India In ... on 7 November, 1919 | The Secretary Of State For India In ... vs Chinnapragada Bhanamurthy And ... on 17 October, 1912",1,6
87,7,"Sardarilal And Ors. vs Shrimati Shakuntla Devi on 21 December, 1960",4.16e-06,"Sardarilal And Ors. vs Shrimati Shakuntla Devi on 21 December, 1960 | Ram Labhaya vs Municipal Committee on 20 September, 1965 | N.V. Jagannadhayya vs Ramanatha Mohapatra on 12 August, 1954 | Rayagonda Anna Patil vs Jankibai And Anr. on 27 June, 1957 | Kandi Unichaman vs Ahmed Kutti Kayi And Ors. on 8 December, 1897",1,6
31,7,"Babulal Bhuramal And Another vs Nandram Shivram And Others on 31 March, 1958",9.12e-06,"Babulal Bhuramal And Another vs Nandram Shivram And Others on 31 March, 1958 | Vasudev_Gopalkrishna_Tamwekar_vs_The_Board_Of_Liquidators_Happyhome_on_10_May_1963 | Jaswantlal Jagjivandas And Co. vs Western Company, India on 11 February, 1959 | Ebrahim Saleji vs Abdulla Ali Reza And Anr. on 24 October, 1950 | Mt. Ananti vs Chhannu And Ors. on 18 December, 1929",2,5
38,6,"Public Prosecutor vs Abdul Wahab And Ors. on 6 November, 1963",4.26e-06,"Public Prosecutor vs Abdul Wahab And Ors. on 6 November, 1963 | State vs Maganlal Chunilal Bogawat on 6 December, 1955 | Tulsi Prasad vs The State on 14 February, 1963 | Emperor vs Vishwanath Krishna Sathe on 27 July, 1906 | Dhoolchand And Anr. vs The State on 14 March, 1956",1,5
46,6,"Earnest John White vs Mrs. Kathleen Olive White And Others on 10 March, 1958",4.28e-06,"Earnest John White vs Mrs. Kathleen Olive White And Others on 10 March, 1958 | John Over vs Muriel A.I. Over on 14 October, 1924 | W.A. Collard vs Marie Agnes Collard And W.A. Dutton on 16 December, 1921 | Wood vs Wood on 11 February, 1878 | T.M. Sundara Aiyar And Anr. vs T.M. Ananthapadbhanaba Aiyar And Ors. on 27 April, 1922",1,5
60,6,State_Of_Uttar_Pradesh_vs_Kunwar_Sri_Trivikram_Narain_Singh_on_22_August_1961,1.051e-05,"State_Of_Uttar_Pradesh_vs_Kunwar_Sri_Trivikram_Narain_Singh_on_22_August_1961 | Maharajadhiraja Sir Kameshwar Singh vs Commissioner Of Income-Tax, Bihar And ... on 25 October, 1960 | Commissioner Of Income Tax, Bihar And ... vs Raja Bahadur Kamakshya Narain Singh. on 2 September, 1946 | Commissioner_Income_Tax_U_P_vs_Kunwar_Trivikram_Narain_Singh_on_9_April_1965 | Maharaja_Kumar_Somendra_Chand_Nandy_vs_The_State_Of_Uttar_Pradesh_on_10_July_1985",3,3
104,6,"Commissioner Of Income-Tax, Punjab, ... vs Ram Sarup on 14 November, 1961",4.26e-06,"Commissioner Of Income-Tax, Punjab, ... vs Ram Sarup on 14 November, 1961 | Sree Hanuman Investment Co. Ltd. vs Commissioner Of Income-Tax, West ... on 13 February, 1962 | Manohar Lal Munshi Lal vs Commissioner Of Income-Tax, New Delhi on 17 February, 1960 | Keshavlal Premchand vs The Commissioner Of Income-Tax, Bombay on 3 September, 1956 | Joseph John vs Commissioner Of Income-Tax, Kerala. on 5 April, 1962",1,5
73,6,"Kunchithapatham Pillai vs Ranganadham Pillai on 8 January, 1958",7.17e-06,"Kunchithapatham Pillai vs Ranganadham Pillai on 8 January, 1958 | S_N_Sundalaimuthu_Chettiar_vs_Palaniyandavan_on_12_August_1965 | Navaneetheeswaraswami Devasthanam, ... vs L.R. Ganapathi Thevar on 12 January, 1955 | Korada Atchanna vs Jayanti Seetharamaswami on 13 October, 1949 | Mummina Demudu And Ors. vs Datla Papayyaraju Garu By His Muktyar ... on 11 October, 1943",2,4
64,6,Gambhir_Mal_Pandiya_vs_J_K_Jote_Mills_Co_Ltd_Kanpur_And_on_17_April_1962,4.26e-06,"Gambhir_Mal_Pandiya_vs_J_K_Jote_Mills_Co_Ltd_Kanpur_And_on_17_April_1962 | Chhattoo Lal Misser And Company vs Naraindas Baijnath Prasad on 4 September, 1928 | Bhagwanji Morarji Goculdas vs The Alembic Chemical Works Co. Ltd. on 24 November, 1943 | Dulichand_Lakshminarayan_vs_The_Commissioner_Of_Income_Tax_Nagpur_on_17_February_1956 | Gaekwar Baroda State Railway vs Hafiz Habib-Ul Haq on 18 March, 1938",1,5
83,6,"State Of Madhya Pradesh vs Peer Mohd. & Another on 28 September, 1962",4.37e-06,"State Of Madhya Pradesh vs Peer Mohd. & Another on 28 September, 1962 | Smt. Shanno Devi vs Mangal Sain on 7 September, 1960 | The_State_Of_Bihar_vs_Kumar_Amar_Singh_And_Others_And_on_10_February_1955 | Central Bank Of India vs Ram Narain on 12 October, 1954 | Abdul Sattar Haji Ibrahim Patel vs State Of Gujarat on 17 February, 1964",1,5
66,6,"Commissioner Of Income- Tax, Bombay vs Smt. Indira Balkrishna on 14 April, 1960",4.26e-06,"Commissioner Of Income- Tax, Bombay vs Smt. Indira Balkrishna on 14 April, 1960 | Sudalai Ammal vs Gomati Ammal Minor By Her Guardian ... on 9 August, 1912 | Ammani Ammal And Ors. vs Periasami Udayan And Ors. on 6 February, 1923 | Gauri Nath Kakaji vs Gaya Kuar on 5 July, 1928 | Kailash Chandra Chuckerbutty And Ors. vs Kashi Chandra Chuckerbutty And Anr. on 14 January, 1897",1,5
54,5,"C. Govindarajulu Naidu & Co. vs State Of Madras Represented By The ... on 9 September, 1952",4.26e-06,"C. Govindarajulu Naidu & Co. vs State Of Madras Represented By The ... on 9 September, 1952 | Tobacco Manufacturers (India) Ltd vs The Commissioner Of Sales-Tax, Bihar, ... on 26 October, 1960 | Khaitan Minerals vs Sales Tax Appellate Tribunal For Mysore ... on 30 January, 1962 | Capco Ltd. vs The Sales Tax Officer And Anr. on 30 April, 1959 | Shree_Bajrang_Jute_Mills_Ltd_vs_State_Of_Andhra_Pradesh_on_6_February_1964",1,4
93,5,"Subbaroya Reddiar vs Rajagopala Reddiar And Two Ors. on 24 February, 1914",4.41e-06,"Subbaroya Reddiar vs Rajagopala Reddiar And Two Ors. on 24 February, 1914 | Muhammad Siddiq And Ors. vs Muhammad Nuh on 27 January, 1930 | Hanuman Kamut vs Hanuman Mandur And Ors. on 14 June, 1887 | Gulabchand Daulatram vs Suryajirao Ganpatrao on 10 February, 1950 | V_M_Rv_Mr_Ramaswami_Chettiar_And_Anr_vs_R_Muthukrishna_Iyer_And_Others_on_16_February_1966",1,4
47,5,Ujagar_Singh_vs_Mst_Jeo_on_23_April_1959,5.2e-06,"Ujagar_Singh_vs_Mst_Jeo_on_23_April_1959 | Mara_And_Others_vs_Nikko_And_Others_on_24_March_1964 | Wasi Ahmad And Ors. vs Maina Bibi And Ors., Muhammad Fakhir And ... on 12 March, 1919 | Mst. Jeo vs Ujagar Singh on 8 September, 1952 | Sada_Kaur_vs_Bakhtawar_Singh_And_Ors_on_24_July_1980",2,3
45,5,"Legal Remembrancer vs Manmatha Bhusan Chatterjee And Ors. on 21 August, 1923",4.26e-06,"Legal Remembrancer vs Manmatha Bhusan Chatterjee And Ors. on 21 August, 1923 | Aswini Kumar Gupta vs Emperor on 22 April, 1936 | Legal Remembrancer vs Manmatha Bhusan Chatterjee Hridoy ... on 21 August, 1923 | Emperor On The Complaint Of Kaji ... vs Fazal Shaik And Ors. on 28 February, 1917 | Kanumukkala_Krishna_Murthy_vs_State_Of_Andhra_Pradesh_on_23_March_1964",1,4
41,5,"Ramji Keshavji vs Commissioner Of Income-Tax, Bombay. on 7 September, 1944",1.046e-05,"Ramji Keshavji vs Commissioner Of Income-Tax, Bombay. on 7 September, 1944 | Commissioner_Of_Income_Tax_Patna_vs_Rani_Bhuwaneshwari_Kuer_on_28_April_1964 | D.R. Shahapure vs Commissioner Of Income-Tax, Bombay. on 11 September, 1944 | Commissioner_Of_Income_Tax_Punjab_vs_Raghbir_Singh_on_9_April_1965 (1) | Commissioner_Of_Income_Tax_Punjab_vs_Raghbir_Singh_on_9_April_1965",3,2
36,5,"Dayaram Kashiram vs Bansilal Raghunath on 16 April, 1952",5.63e-06,"Dayaram Kashiram vs Bansilal Raghunath on 16 April, 1952 | Kurban Hussen Sajauddin vs Ratikant Nilkant And Anr. on 7 November, 1956 | Laxminarayan Nandkishore Shravagi vs Keshardev Baijnath Narsaria on 4 September, 1956 | Vasumatiben_Gaurishankar_Bhatt_vs_Navairam_Manchharam_Vora_And_Ors_on_14_August_1963 | Vasumatiben_Gaurishankar_Bhatt_vs_Navairam_Manchharam_Vora_And_Ors_on_14_August_1964",2,3
32,4,"The Secretary Of State For India vs Sannidhiraju Subbarayudu on 27 November, 1931",6.6e-06,"The Secretary Of State For India vs Sannidhiraju Subbarayudu on 27 November, 1931 | Annapurnabai Gopal vs Government Of Bombay on 24 January, 1945 | Shankar_Narayan_Ranade_vs_Union_Of_India_Uoi_on_8_February_1963 | Shankar_Narayan_Ranade_vs_Union_Of_India_on_8_February_1963",2,2
19,4,"Radheshyam Makhanlal vs Union Of India And Ors. on 10 August, 1959",4.65e-06,"Radheshyam Makhanlal vs Union Of India And Ors. on 10 August, 1959 | Chanan Das Mukhi vs Union Of India And Anr. on 15 September, 1959 | Totaram Teckchand vs H.K. Choudhary, Regional Settlement ... on 16 December, 1959 | The_Regional_Settlement_Commissioner_vs_Sunderdas_Bhasin_on_27_April_1962",1,3
86,4,"Hiraman Ratan And Ors. vs Purshottam Deorao on 10 December, 1952",4.65e-06,"Hiraman Ratan And Ors. vs Purshottam Deorao on 10 December, 1952 | Vishwanath Mahadev Adhikari vs Krishnaji Ramachandra Bodas on 20 June, 1949 | Basavanappa Shivappa vs Neelappa Adiveppa And Ors. on 12 September, 1955 | Patel_Rambhai_Bacharbhai_Anr_vs_Patel_Dahyabhai_Becharbhai_Anr_on_4_April_1966",1,3
169,4,Gurgaon Gramin Bank v. Khazani,4.65e-06,"Gurgaon Gramin Bank v. Khazani | Mundrika Prasad Singh v. State of Bihar | Urban Improvement Trust, Bikaner v. Mohan Lal | Punjab State Power Corp.Ltd.Patiala ... vs Atma Singh Grewal on 17 September, 2013",1,3
44,4,"S.N. Bannerjee And Secretary Of State vs Kurchwar Lime And Stone Company, ... on 31 October, 1938",4.65e-06,"S.N. Bannerjee And Secretary Of State vs Kurchwar Lime And Stone Company, ... on 31 October, 1938 | Karim Buksh vs The Queen-Empress on 5 September, 1888 | The Empress vs In The Matter Of The Petition Of Jamoona on 22 January, 1881 | Haridas_Das_And_Anr_vs_State_Of_West_Bengal_And_Ors_on_16_March_1964",1,3
127,4,Section 44,4.65e-06,"Section 44 | Section 55 | Section 68 | Chairman, Ramappa Gundappa Sahakari ... vs State Of Mysore And Ors. on 5 April, 1974",1,3
95,3,"Rajkumar Mills Ltd. vs Income-Tax Appellate Tribunal on 30 September, 1957",5.14e-06,"Rajkumar Mills Ltd. vs Income-Tax Appellate Tribunal on 30 September, 1957 | Income-Tax Appellate Tribunal, Bombay ... vs S.C. Cambatta & Co. Ltd. on 5 October, 1955 | Esthuri_Aswanthiah_vs_Commissioner_Of_Income_Tax_Mysore_on_18_April_1967",1,2
155,3,Section 4(vi),5.14e-06,"Section 4(vi) | Section 3 | Pradesh Pong Bandh Visthapitsamiti, ... vs Union Of India & Ors on 26 July, 1996",1,2
112,3,"Prokash Chandra Ghose And Ors. vs Mahima Ranjan Chakravartty And Ors. on 19 December, 1946",5.14e-06,"Prokash Chandra Ghose And Ors. vs Mahima Ranjan Chakravartty And Ors. on 19 December, 1946 | Mata Prasad And Ors. vs Ram Charan Sahu And Ors. on 2 May, 1914 | Ragho_Prasad_Gupta_vs_Shri_Krishna_Poddar_on_23_August_1968",1,2
69,3,"Shailabala Devi vs Emperor on 18 August, 1933",5.14e-06,"Shailabala Devi vs Emperor on 18 August, 1933 | Queen-Empress vs Erugadu on 13 July, 1891 | Mahant_Kaushalya_Das_vs_State_Of_Madras_on_7_May_1965",1,2
35,3,"Krishna Das Roy vs Land Acquisition Collector Of Pabna on 5 December, 1911",5.14e-06,"Krishna Das Roy vs Land Acquisition Collector Of Pabna on 5 December, 1911 | Pramatha Nath Mullick vs The Secretary Of State For India In ... on 22 May, 1924 | State_Of_Bihar_And_Another_vs_Kundan_Singh_And_Another_on_25_April_1963",1,2
42,3,"Narayanan Chetti And Ors. vs Arunachellam Chetti on 21 October, 1895",5.14e-06,"Narayanan Chetti And Ors. vs Arunachellam Chetti on 21 October, 1895 | Khushaldas Gokaldas And Ors. vs Chimanlal Kalidas on 18 January, 1926 | Deo_Chand_vs_Shiv_Ram_on_24_August_1964",1,2
126,3,Musiligadu v. Nannigadu,5.14e-06,"Musiligadu v. Nannigadu | Venkata Rama v. Rajyalakshmi | Sarupuri Narayanamma And Ors. vs Kadiyala Venkatasubbaiah And Ors. on 4 April, 1973",1,2
79,3,"Mahaboob Sarafarajawant Sri Raja ... vs The Secretary Of State For India In ... on 10 October, 1913",5.14e-06,"Mahaboob Sarafarajawant Sri Raja ... vs The Secretary Of State For India In ... on 10 October, 1913 | Secy. Of State vs Sree Rajah Vasireddi Sri Chendra ... on 1 February, 1929 | Gaudi_Ramamurthy_Ors_vs_The_State_Of_Andhra_Pradesh_Ors_on_26_August_1966",1,2
81,3,"W.T. Henley'S Telegraph Works Co. Ltd. vs Gorakhpur Electric Supply Co. Ltd. on 2 September, 1936",5.14e-06,"W.T. Henley'S Telegraph Works Co. Ltd. vs Gorakhpur Electric Supply Co. Ltd. on 2 September, 1936 | Japan Cotton Trading Company Ld. vs Jajodia Cotton Mills Ld. on 24 November, 1926 | Harinagar_Sugar_Mills_Ltd_vs_M_W_Pradhan_on_21_March_1966",1,2
65,3,"The Joint Chief Controller Of Imports ... vs H.V. Jain on 21 April, 1959",5.14e-06,"The Joint Chief Controller Of Imports ... vs H.V. Jain on 21 April, 1959 | Jagannath Prabhashankar Joshi And Anr. vs Varadkar And Ors. on 9 September, 1960 | Joint_Chief_Controller_Of_Imports_And_vs_M_S_Aminchand_Mutha_Etc_on_21_July_1965",1,2
62,3,"Ramayya vs Kotamma And Six Ors. on 22 December, 1921",5.14e-06,"Ramayya vs Kotamma And Six Ors. on 22 December, 1921 | Rajagopala Naidu And Ors. vs Ramasubramania Ayyar And Ors. on 7 December, 1934 | Gurbinder_Singh_And_Another_vs_Lal_Singh_And_Another_on_12_February_1965",1,2
50,3,"Jaldhari Mahto And Ors. vs Rajendra Singh And Ors. on 11 March, 1958",5.14e-06,"Jaldhari Mahto And Ors. vs Rajendra Singh And Ors. on 11 March, 1958 | M.R. Seturatnam Aiyer vs Venkatachala Gounden on 12 December, 1919 | Musammat_Murti_Dussadhin_And_Others_vs_Surajdeo_Singh_And_Others_on_11_August_1964",1,2
57,3,"Manmatha Nath Haldar And Anr. vs Girish Chandra Roy on 21 March, 1934",5.14e-06,"Manmatha Nath Haldar And Anr. vs Girish Chandra Roy on 21 March, 1934 | Hemendra Nath Roy Choudhury vs Jnanendra Prasanna Bhaduri And Ors. on 14 May, 1935 | Ambika_Prasad_Thakur_And_Ors_vs_Maharaj_Kumar_Kamal_Singh_And_Ors_on_8_September_1965",1,2
48,3,"Anukul Chandra Chakravarti And Ors. vs Chairman Of The Dacca Dist. Board on 13 July, 1926",5.14e-06,"Anukul Chandra Chakravarti And Ors. vs Chairman Of The Dacca Dist. Board on 13 July, 1926 | S. Sundaram Ayyar vs The Municipal Council Of Madura And The ... on 13 December, 1901 | Municipal_Board_Manglaur_vs_Sri_Mahadeoji_Maharaj_on_24_November_1964",1,2
9,2,"The Official Assignee Of Madras And Ors. vs The Official Assignee Of Rangoon And ... on 21 November, 1923",6.6e-06,"The Official Assignee Of Madras And Ors. vs The Official Assignee Of Rangoon And ... on 21 November, 1923 | Official_Assignee_High_Court_Bombay_vs_Haradagiri_Basavanna_Gowd_And_Others_on_1_November_1962",1,1
40,2,"V. Ramaswami Ayyangar And K.R. ... vs The Commissioner Of Income-Tax on 16 November, 1949",6.6e-06,"V. Ramaswami Ayyangar And K.R. ... vs The Commissioner Of Income-Tax on 16 November, 1949 | Commissioner_Of_Income_Tax_Madras_vs_M_K_Stremann_Madras_on_9_November_1964",1,1
29,2,"Tricamji Damji And Co. vs Virji Kanji on 19 June, 1922",6.6e-06,"Tricamji Damji And Co. vs Virji Kanji on 19 June, 1922 | R_Ratilal_Co_vs_National_Security_Assurance_Co_Ltd_on_16_December_1963",1,1
28,2,"Emperor vs Satish Chandra Singha on 1 March, 1927",6.6e-06,"Emperor vs Satish Chandra Singha on 1 March, 1927 | P_J_Ratnam_vs_D_Kanikaram_And_Others_on_10_April_1963",1,1
21,2,"N.K.R.M. Rajagopala Chettiar vs The Hindu Religious Endowments Board ... on 11 April, 1933",6.6e-06,"N.K.R.M. Rajagopala Chettiar vs The Hindu Religious Endowments Board ... on 11 April, 1933 | Bhogaraju_Venkata_Janakirama_Rao_vs_The_Board_Of_Commissioners_For_Hindu_on_31_October_1963",1,1
84,2,"V. Thanappa Chetty vs Arcot Govindaswami Naicker And Anr. on 6 November, 1951",6.6e-06,"V. Thanappa Chetty vs Arcot Govindaswami Naicker And Anr. on 6 November, 1951 | M_Padmanabha_Setty_vs_K_P_Papiah_Setty_on_11_March_1966",1,1
77,2,"State Of Madhya Pradesh And Ors vs Sirajuddin Khan on 22 April, 1964",6.6e-06,"State Of Madhya Pradesh And Ors vs Sirajuddin Khan on 22 April, 1964 | Bharat_Fire_General_Insurance_Co_Ltd_vs_Paramshwari_Prasad_Gupta_on_25_November_1966",1,1
85,2,"Secretary Of State For India vs Shantaram Narayan Dabholkar on 8 July, 1924",6.6e-06,"Secretary Of State For India vs Shantaram Narayan Dabholkar on 8 July, 1924 | Navinchandra_Babubhai_Nagarsheth_And_vs_Bombay_Revenue_Tribunal_And_Ors_on_21_January_1966",1,1
91,2,"Buragada Venkatarao And Anr. vs Godavarti Venkatratnam And Ors. on 8 August, 1951",6.6e-06,"Buragada Venkatarao And Anr. vs Godavarti Venkatratnam And Ors. on 8 August, 1951 | Srinivasavardacharur_And_Ors_vs_Gopala_Menon_And_Ors_on_4_October_1966",1,1
58,2,"India Coffee And Tea Distributing Co. ... vs The State Of Madras, Represented By The ... on 26 April, 1954",6.6e-06,"India Coffee And Tea Distributing Co. ... vs The State Of Madras, Represented By The ... on 26 April, 1954 | Amritsar_Sugar_Mills_Co_Ltd_vs_Commissioner_Of_Sales_Tax_U_P_on_13_December_1965",1,1
53,2,"Sanyasi Charan Mandal vs Krishnadhan Banerji on 17 January, 1922",6.6e-06,"Sanyasi Charan Mandal vs Krishnadhan Banerji on 17 January, 1922 | Shivagouda_Ravji_Patil_And_Others_vs_Chandrakant_Neelkanth_Sedalge_And_on_8_May_1964",1,1
55,2,"Bank Of Baroda vs Panjab National Bank on 18 May, 1944",6.6e-06,"Bank Of Baroda vs Panjab National Bank on 18 May, 1944 | Sita_Ram_Jhunjhunawala_vs_Bombay_Bullion_Association_Ltd_Ors_on_25_November_1964",1,1
56,2,"Nalinakhya Bysack And Anr. vs Shyam Sundar Halder And Ors. on 9 April, 1951",6.6e-06,"Nalinakhya Bysack And Anr. vs Shyam Sundar Halder And Ors. on 9 April, 1951 | V_N_Vasudeva_vs_Seth_Kirorimal_Luhariwala_on_9_January_1964",1,1
51,2,"C.K. Appana vs The State Of Mysore And The Ors. on 13 January, 1964",6.6e-06,"C.K. Appana vs The State Of Mysore And The Ors. on 13 January, 1964 | N_Raghavendra_Rao_vs_Deputy_Commissioner_South_on_31_March_1964",1,1
72,2,"Jayantrai And Kanakmal Zambad And Anr. vs Hari Dagdu And Ors. on 20 September, 1961",6.6e-06,"Jayantrai And Kanakmal Zambad And Anr. vs Hari Dagdu And Ors. on 20 September, 1961 | Ramchandra_vs_Tukaram_And_Ors_on_24_August_1965",1,1
74,2,"Basmati Devi vs Chamroo Sao And Ors on 3 April, 1964",6.6e-06,"Basmati Devi vs Chamroo Sao And Ors on 3 April, 1964 | Sachdanand_Prasad_vs_Babu_Sheo_Prasad_Singh_on_6_May_1965",1,1
76,2,"Gopisetti Veeraswami And Ors. vs Sagiraju Seetharama Kantayya on 22 January, 1926",6.6e-06,"Gopisetti Veeraswami And Ors. vs Sagiraju Seetharama Kantayya on 22 January, 1926 | State_Of_Madras_vs_P_Govindarajulu_Naidu_on_23_September_1965",1,1
108,2,"Jestamani Gulabrai Dholkia And Others vs The Scindia Steam Navigation Company, ... on 30 November, 1960",6.6e-06,"Jestamani Gulabrai Dholkia And Others vs The Scindia Steam Navigation Company, ... on 30 November, 1960 | Manager_M_S_Pyarchand_Kesarimal_vs_Omkar_Laxman_Thange_Ors_on_27_September_1968",1,1
106,2,"Vaishnu Dass And Ors. vs Thakar Dass on 8 October, 1952",6.6e-06,"Vaishnu Dass And Ors. vs Thakar Dass on 8 October, 1952 | K_Manickchand_Ors_vs_Elias_Saleh_Mohamed_Sait_Anr_on_3_December_1968",1,1
97,2,"Setabgunj Sugar Mills Ltd vs The Commissioner Of ... on 17 November, 1960",6.6e-06,"Setabgunj Sugar Mills Ltd vs The Commissioner Of ... on 17 November, 1960 | L_M_Chhabda_And_Sons_vs_Commissioner_Of_Income_Tax_Gujarat_on_21_March_1967",1,1
99,2,"Walchandnagar Industries Ltd. vs Ratanchand Khimchand Motishaw on 22 September, 1952",6.6e-06,"Walchandnagar Industries Ltd. vs Ratanchand Khimchand Motishaw on 22 September, 1952 | Mohan_Lal_Anr_vs_Grain_Chamber_Ltd_Muzaffarnagar_Ors_on_15_November_1967",1,1
114,2,"Workmen of Hindustan Motors, Ltd. v. Hindustan Motors, Ltd. and Anr.",6.6e-06,"Workmen of Hindustan Motors, Ltd. v. Hindustan Motors, Ltd. and Anr. | Aluminium Corporation Of India vs Their Workmen on 14 February, 1969",1,1
109,2,"Valimahomed Gulamhussain Sonavala And ... vs C.T.A. Pillai, Additional Collector Of ... on 18 December, 1959",6.6e-06,"Valimahomed Gulamhussain Sonavala And ... vs C.T.A. Pillai, Additional Collector Of ... on 18 December, 1959 | Motibhai_Fulabhai_Patel_Co_vs_M_S_R_Prasad_And_Ors_on_30_October_1968",1,1
117,2,Thakur Barmha v. Jiban Ram Marwari,6.6e-06,"Thakur Barmha v. Jiban Ram Marwari | Luka Mathai (Dead) By Legal ... vs Neelakanta Iyer Subramonia Iyer on 26 May, 1970",1,1
110,2,"Puvvada Venkata Subbayya vs Attar Sheik Mastan on 7 April, 1948",6.6e-06,"Puvvada Venkata Subbayya vs Attar Sheik Mastan on 7 April, 1948 | P_Bhooma_Reddy_vs_State_Of_Mysore_Ors_on_5_December_1968",1,1
135,2,Chandu_Naik_Ors_vs_Sita_Ram_B_Naik_Anr_on_6_December_1977,6.6e-06,Chandu_Naik_Ors_vs_Sita_Ram_B_Naik_Anr_on_6_December_1977 | Mathuralal_vs_Bhawarlal_Anr_on_13_September_1979,1,1
128,2,Raval and Co. v. K. G. 276 Ramachandra and others,6.6e-06,"Raval and Co. v. K. G. 276 Ramachandra and others | S. M. Gopalakrishna Chetty vs Ganeshan & Ors on 11 August, 1975",1,1
120,2,State v. Sheo Singh,6.6e-06,"State v. Sheo Singh | Shital Singh And Ors. vs State Of Bihar on 23 September, 1970",1,1
147,2,Makhan_Lal_Malhotra_And_Others_vs_The_Union_Of_India_on_27_October_1960,6.6e-06,Makhan_Lal_Malhotra_And_Others_vs_The_Union_Of_India_on_27_October_1960 | State_Of_Kerala_vs_M_K_Krishnan_Nair_Ors_Andk_on_14_February_1978,1,1
145,2,Shri_U_R_Mavinkurve_vs_Thakor_Madhavsinghji_Gambhirsingh_And_on_24_February_1965,6.6e-06,Shri_U_R_Mavinkurve_vs_Thakor_Madhavsinghji_Gambhirsingh_And_on_24_February_1965 | Thakoreshri_Naharsinghji_vs_State_Of_Gujarat_Ors_on_17_August_1979,2,0
171,2,Mrinmoy Maity Vs. Chhanda Koley,6.6e-06,"Mrinmoy Maity Vs. Chhanda Koley | Jagwant Kaur vs Union Of India on 27 January, 2025",1,1
137,2,Kahanaiya Lal Arya vs. Md. Ehshan & Ors,6.6e-06,"Kahanaiya Lal Arya vs. Md. Ehshan & Ors | Kanahaiya Lal Arya vs Md. Ehshan on 25 February, 2025",1,1
39,2,Union of India and Ors. vs. Vasavi Cooperative Housing Society Limited and Ors1,6.6e-06,"Union of India and Ors. vs. Vasavi Cooperative Housing Society Limited and Ors1 | Naganna (Dead) By Lrs. / Smt Devamma vs Siddaramegowda (Since Deceased) By Lrs on 19 March, 2025",1,1
