parent_community,subcommunity_id,size,top_label,top_global_pr,top5_labels,avg_in_degree,top_betweenness_label
0,C0_S9.0,100,Ramana_Dayaram_Shetty_vs_The_International_Airport_Authority_Of_on_4_May_1979,0.00028162,"Ramana_Dayaram_Shetty_vs_The_International_Airport_Authority_Of_on_4_May_1979 | Sukhdev Singh, Oil & Natural Gas ... vs Bhagat Ram, Association Of Clause Ii. ... on 21 February, 1975 | Gujarat_State_Co_Operative_Land_vs_P_R_Mankad_And_Ors_on_23_January_1979 | Co-Operative Central Bank Ltd. & Ors vs Additional Industrial Tribunal, ... on 3 April, 1969 | Tata Cellular  v.  Union  of
India6",4.9,Central_Inland_Water_vs_Brojo_Nath_Ganguly_Anr_on_6_April_1986
0,C0_S11.0,84,R_S_Nayak_vs_A_R_Antulay_on_16_February_1984,0.00025068,"R_S_Nayak_vs_A_R_Antulay_on_16_February_1984 | S_P_Gupta_vs_Union_Of_India_Anr_on_30_December_1981 | K_Veeraswami_vs_Union_Of_India_And_Others_on_25_July_1991 | Kihoto Hollohan vs Zachillhu And Others on 18 February, 1992 | S_R_Bommai_And_Others_Etc_Etc_vs_Union_Of_India_And_Others_Etc_Etc_on_11_March_1994",7.2,L_Chandra_Kumar_vs_Union_Of_India_And_Others_on_18_March_1997
0,C0_S13.0,66,Maneka_Gandhi_vs_Union_Of_India_on_25_January_1978,0.00029669,"Maneka_Gandhi_vs_Union_Of_India_on_25_January_1978 | Delhi_Transport_Corporation_vs_D_T_C_Mazdoor_Congress_on_4_September_1990 | Mrs_Maneka_Gandhi_vs_Union_Of_India_Uoi_And_Anr_on_25_January_1978 | Air India Corporation, Bombay vs V. A. Rebellow & Anr on 24 February, 1972 | Satwant_Singh_Sawhney_vs_D_Ramarathnam_Assistant_Passport_on_10_April_1967",8.4,Delhi_Transport_Corporation_vs_D_T_C_Mazdoor_Congress_on_4_September_1990
0,C0_S3.0,59,Dr_Ram_Manohar_Lohia_vs_State_Of_Bihar_And_Others_on_7_September_1965,0.00020901,"Dr_Ram_Manohar_Lohia_vs_State_Of_Bihar_And_Others_on_7_September_1965 | Bennett Coleman & Co. & Ors vs Union Of India & Ors on 30 October, 1972 | Supreme Court Bar Association vs Union Of India & Anr on 17 April, 1998 | State_Of_Madhya_Pradesh_Anr_vs_Thakur_Bharat_Singh_on_23_January_1967 | Umaji Keshao Meshram & Ors vs Radhikabai W/O Anandrao Banapurkar & ... on 14 March, 1986",5.0,"Additional District Magistrate, ... vs Shivakant Shukla on 28 April, 1976"
0,C0_S4.0,57,"The Ahmedabad St. Xaviers College ... vs State Of Gujarat & Anr on 26 April, 1974",0.00020003,"The Ahmedabad St. Xaviers College ... vs State Of Gujarat & Anr on 26 April, 1974 | Unni_Krishnan_J_P_And_Ors_Etc_Etc_vs_State_Of_Andhra_Pradesh_And_Ors_Etc_Etc_on_4_February_1993 | St. Stephen'S College vs University Of Delhi on 6 December, 1991 | State Of Kerala & Anr vs N. M. Thomas & Ors on 19 September, 1975 | Ashoka_Kumar_Thakur_vs_Union_Of_India_Ors_on_10_April_2008",6.3,Unni_Krishnan_J_P_And_Ors_Etc_Etc_vs_State_Of_Andhra_Pradesh_And_Ors_Etc_Etc_on_4_February_1993
0,C0_S25.0,55,Mafatlal_Industries_Ltd_And_Ors_vs_Union_Of_India_Uoi_And_Ors_on_19_December_1996,0.00014284,Mafatlal_Industries_Ltd_And_Ors_vs_Union_Of_India_Uoi_And_Ors_on_19_December_1996 | The_Automobile_Transport_Rajasthan_vs_The_State_Of_Rajasthan_And_Others_And_on_9_April_1962 | Kewal_Krishan_Puri_Anr_vs_State_Of_Punjab_Others_on_4_May_1979 | Ram_Chandra_Kailash_Kumar_And_Company_vs_State_Of_U_P_And_Anr_on_25_March_1980 | Khyerbari_Tea_Co_Ltd_Anr_vs_The_State_Of_Assam_on_13_December_1963,4.9,Mafatlal_Industries_Ltd_And_Ors_vs_Union_Of_India_Uoi_And_Ors_on_19_December_1996
0,C0_S1.0,46,"K.V. Subba Rao & Ors. Etc vs Government Of Andhra Pradesh & Ors on 24 February, 1988",0.00019667,"K.V. Subba Rao & Ors. Etc vs Government Of Andhra Pradesh & Ors on 24 February, 1988 | Madan_Mohan_Pathak_And_Anr_vs_Union_Of_India_Uoi_And_Ors_on_21_February_1978 | Corporation_Of_Calcutta_And_Another_vs_Liberty_Cinema_on_14_December_1964 | State Of Madhya Pradesh vs Ranojirao Shinde & Anr on 21 March, 1968 | The_Life_Insurance_Corporation_Of_India_vs_D_J_Bahadur_Ors_on_10_November_1980",4.0,Madan_Mohan_Pathak_And_Anr_vs_Union_Of_India_Uoi_And_Ors_on_21_February_1978
0,C0_S2.0,45,Charan_Lal_Sahu_Etc_Etc_vs_Union_Of_India_And_Ors_on_22_December_1989,0.00052306,"Charan_Lal_Sahu_Etc_Etc_vs_Union_Of_India_And_Ors_on_22_December_1989 | Balco Employees Union (Regd.) vs Union Of India & Ors on 10 December, 2001 | State Of Madhya Pradesh & Ors vs Nandlal Jaiswal & Ors on 24 October, 1986 | Reserve Bank Of India vs Peerless General Finance & Investment ... on 22 January, 1987 | R_K_Garg_Etc_Etc_vs_Union_Of_India_Ors_Etc_on_20_October_1981",6.3,"Balco Employees Union (Regd.) vs Union Of India & Ors on 10 December, 2001"
0,C0_S12.0,44,I_C_Golaknath_Ors_vs_State_Of_Punjab_Anrs_With_Connected_on_27_February_1967,0.00019187,"I_C_Golaknath_Ors_vs_State_Of_Punjab_Anrs_With_Connected_on_27_February_1967 | Attorney_General_For_India_vs_Amratlal_Prajivandas_on_12_May_1994 | Union Of India vs H. S. Dhillon on 21 October, 1971 | Kesavananda Bharati Sripadagalvaru ... vs State Of Kerala And Anr on 24 April, 1973 | B_R_Enterprises_Etc_Etc_vs_State_Of_U_P_And_Grs_Etc__Etc_on_7_May_1999",7.3,"Kesavananda Bharati Sripadagalvaru ... vs State Of Kerala And Anr on 24 April, 1973"
0,C0_S20.0,43,Supreme_Court_Employees__Welfare_vs_Union_Of_India_Uoi_And_Anr_on_24_July_1989,0.00014812,"Supreme_Court_Employees__Welfare_vs_Union_Of_India_Uoi_And_Anr_on_24_July_1989 | Indira Nehru Gandhi vs Shri Raj Narain & Anr on 7 November, 1975 | Hindustan Steel Ltd vs State Of Orissa on 4 August, 1969 | B.R. Kapoor vs State Of Tamil Nadu And Anr on 21 September, 2001 | S_S_Bhola_Ors_vs_B_D_Sardana_Ors_on_11_July_1997",5.3,"Indira Nehru Gandhi vs Shri Raj Narain & Anr on 7 November, 1975"
0,C0_S22.0,35,"Lucknow Development Authority vs M.K. Gupta on 5 November, 1993",0.00030812,"Lucknow Development Authority vs M.K. Gupta on 5 November, 1993 | Express_Newspapers_Pvt_Ltd_Ors_vs_Union_Of_India_Ors_on_7_October_1985 | Indian_Express_Newspapers_Bombay_vs_Union_Of_India_Ors_Etc_Etc_on_6_December_1984 | State_Of_Bombay_Now_Gujarat_vs_Memon_Mahomed_Haji_Hasam_on_5_May_1967 | Asstt. Excise Commissioner vs Issac Peter on 22 February, 1994",5.5,"M.C. Mehta And Anr vs Union Of India & Ors on 20 December, 1986"
0,C0_S0.0,32,Olga_Tellis_Ors_vs_Bombay_Municipal_Corporation_Ors_Etc_on_10_July_1985,0.00026703,"Olga_Tellis_Ors_vs_Bombay_Municipal_Corporation_Ors_Etc_on_10_July_1985 | Sodan Singh Etc. Etc vs New Delhi Municipal Committee & Anr. Etc on 30 August, 1989 | K_Rajendran_Ors_Etc_Etc_vs_State_Of_Tamil_Nadu_Ors_on_15_April_1982 | Workmen_Of_Meenakshi_Mills_Ltd_Etc_Etc_vs_Meenakshi_Mills_Ltd_And_Anr_Etc_Etc_on_15_May_1992 | Tilokchand Motichand & Ors vs H.B. Munshi & Anr on 22 November, 1968",4.8,Samatha_vs_State_Of_Andhra_Pradesh_And_Ors_on_11_July_1997
0,C0_S27.0,32,Swami_Motor_Transport_P_Ltd_And_vs_Sri_Sankaraswamigal_Muttand_on_26_September_1962,0.00035177,"Swami_Motor_Transport_P_Ltd_And_vs_Sri_Sankaraswamigal_Muttand_on_26_September_1962 | Damyanti Naranga vs The Union Of India And Others on 23 February, 1971 | Rustom Cavasjee Cooper vs Union Of India on 10 February, 1970 | Rohtas Industries Ltd vs S.D. Agarwal & Anr on 16 December, 1968 | The_State_Trading_Corporation_Of_India_vs_The_Commercial_Tax_Officer_on_26_July_1963",4.8,"Rustom Cavasjee Cooper vs Union Of India on 10 February, 1970"
0,C0_S30.0,29,"Samant N. Balakrishna Etc vs George Fernandez And Ors. Etc on 12 February, 1969",6.737e-05,"Samant N. Balakrishna Etc vs George Fernandez And Ors. Etc on 12 February, 1969 | Government Of Andhra Pradesh & Anr vs Hindustan Machine Tools Ltd on 1 May, 1975 | State_Of_West_Bengal_vs_Union_Of_India_on_21_December_1962 | State Of Madhya Pradesh And Anr vs G.S. Dall And Flour Mills on 19 September, 1990 | The_State_Of_Tamil_Nadu_vs_M_S_Arooran_Sugars_Ltd_on_31_October_1996",4.0,"Samant N. Balakrishna Etc vs George Fernandez And Ors. Etc on 12 February, 1969"
0,C0_S34.0,28,"Twentieth Century Finance Corpn.Ltd.& ... vs State Of Maharashtra on 9 May, 2000",9.096e-05,"Twentieth Century Finance Corpn.Ltd.& ... vs State Of Maharashtra on 9 May, 2000 | Builders Association Of India & Ors. ... vs Union Of India & Ors. Etc. Etc on 31 March, 1989 | Hindustan_Aeronautics_Limited_vs_State_Of_Karnataka_on_16_December_1983 | M/S. Rainbow Colour Lab & Anr vs The State Of Madhya Pradesh & Ors on 2 February, 2000 | Indian_Steel_Wire_Products_Ltd_vs_State_Of_Madras_on_11_September_1967",2.9,"Twentieth Century Finance Corpn.Ltd.& ... vs State Of Maharashtra on 9 May, 2000"
0,C0_S36.0,22,Bangalore_Water_Supply_Sewerage_vs_R_Rajappa_Others_on_21_February_1978,7.79e-05,"Bangalore_Water_Supply_Sewerage_vs_R_Rajappa_Others_on_21_February_1978 | Central Bank Of India vs S.Satyam & Ors on 31 July, 1996 | Secretary_Madras_Gymkhana_Club_vs_Management_Of_The_Gymkhana_Club_on_3_October_1967 | Management Of Safdarjung Hospital, New ... vs Kuldip Singh Sethi (With Connected ... on 1 April, 1970 | Cricket_Club_Of_India_Ltd_vs_The_Bombay_Labour_Union_Another_on_7_August_1968",2.0,Bangalore_Water_Supply_Sewerage_vs_R_Rajappa_Others_on_21_February_1978
0,C0_S7.0,21,Naresh_Shridhar_Mirajkar_And_Ors_vs_State_Of_Maharashtra_And_Anr_on_3_March_1966,7.198e-05,"Naresh_Shridhar_Mirajkar_And_Ors_vs_State_Of_Maharashtra_And_Anr_on_3_March_1966 | Sri Adi Visheshwara Of Kashi Vishwanath ... vs State Of U.P. And Ors on 14 March, 1997 | State Of Rajasthan And Ors vs Sajjanlal Panjawat & Ors on 14 December, 1973 | Gulam_Abbas_Ors_vs_State_Of_U_P_Ors_on_3_November_1981 | Sardar_Syedna_Taher_Saifuddin_Saheb_vs_The_State_Of_Bombay_on_9_January_1962",4.3,"Sri Adi Visheshwara Of Kashi Vishwanath ... vs State Of U.P. And Ors on 14 March, 1997"
0,C0_S35.0,19,"Har Shankar & Ors. Etc. Etc vs The Dy. Excise & Taxation Commr. & Ors on 21 January, 1975",0.00018981,"Har Shankar & Ors. Etc. Etc vs The Dy. Excise & Taxation Commr. & Ors on 21 January, 1975 | Maganlal Chhagganlal (P) Ltd vs Municipal Corporation Of Greater ... on 11 April, 1974 | State Of U.P. And Anr vs M/S. Synthetics And Chemicals Ltd. And ... on 18 July, 1991 | Northern_India_Caterers_Private_Ltd_vs_State_Of_Punjab_And_Another_on_4_April_1967 | Vijay Mills Company Limited Etc., Etc. vs State Of Gujarat And Others on 4 December, 1992",5.8,"Maganlal Chhagganlal (P) Ltd vs Municipal Corporation Of Greater ... on 11 April, 1974"
0,C0_S28.0,16,"Balabhagas Hulaschand vs State Of Orissa on 9 December, 1975",8.594e-05,"Balabhagas Hulaschand vs State Of Orissa on 9 December, 1975 | M_S_Sahney_Steel_And_Pressworks_Ltd_vs_The_Commercial_Tax_Officer_Ors_on_10_September_1985 | Union_Of_India_Anr_vs_K_G_Khosla_Co_P_Ltd_Others_on_6_March_1979 | Tata_Engineering_And_Locomotive_vs_Assistant_Commissioner_Of_Commercial_on_24_February_1967 | State Of Bihar & Anr vs Tata Engineering & Locomotive Co. Ltd on 27 November, 1970",1.9,"Balabhagas Hulaschand vs State Of Orissa on 9 December, 1975"
0,C0_S23.0,11,Delhi_Cloth_General_Mills_Co_Ltd_vs_Workmen_And_Ors_Etc_on_27_September_1968,8.09e-06,Delhi_Cloth_General_Mills_Co_Ltd_vs_Workmen_And_Ors_Etc_on_27_September_1968 | Rai_Bahadur_Diwan_Badri_Das_vs_The_Industrial_Tribunal_Punjab_on_7_September_1962 | M_S_British_Paints_India_Ltd_vs_Its_Workmen_on_4_November_1965 | Management_Of_Wenger_Co_vs_Their_Workmen_And_Vice_Versa_on_11_December_1962 | Calcutta_Insurance_Co_Ltd_vs_Their_Workmen_on_6_February_1967,1.6,Rai_Bahadur_Diwan_Badri_Das_vs_The_Industrial_Tribunal_Punjab_on_7_September_1962
0,C0_S18.0,8,"Priya Gupta vs State Of Chhattisgarh & Ors on 8 May, 2012",3.98e-06,"Priya Gupta vs State Of Chhattisgarh & Ors on 8 May, 2012 | Nidhi Kaim vs State Of M P And Ors Etc | Ashwani Kumar & Ors vs State Of Bihar & Ors on 16 December, 1996 | Nidhi Kaim & Anr vs State Of M P And Ors Etc | Maa Vaishno Devi Mahila Mahavidyalaya vs State Of U.P.& Ors on 13 December, 2012",1.2,"Ashwani Kumar & Ors vs State Of Bihar & Ors on 16 December, 1996"
0,C0_S8.0,5,"Workmen Of Messrs Firestone Tyre ... vs Management & Others (With Connected ... on 6 March, 1973",0.0001395,"Workmen Of Messrs Firestone Tyre ... vs Management & Others (With Connected ... on 6 March, 1973 | Delhi Cloth & General Mills Co vs Ludh Budh Singh on 11 January, 1972 | Management Of Panitole Tea Estate vs The Workmen on 18 February, 1971 | Ruby General Insurance Co. Ltd. vs Shri P.P. Chopra on 12 September, 1969 | Karnataka_State_Road_Transport_Corpn_vs_Lakshmidevamma_Another_on_1_May_2001",2.4,"Workmen Of Messrs Firestone Tyre ... vs Management & Others (With Connected ... on 6 March, 1973"
0,C0_S16.0,4,"Gorkha Security Services vs Govt. Of Nct Of Delhi & Ors on 4 August, 2014",4.57e-06,"Gorkha Security Services vs Govt. Of Nct Of Delhi & Ors on 4 August, 2014 | M/S Patel Enginnering Ltd vs Union Of India & Anr on 11 May, 2012 | Medipol Pharmaceutical India Private ... vs Post Graduate Institute Of Medical ... | Umc Technologies Private Ltd. vs Food Corporation Of India",1.2,"M/S Patel Enginnering Ltd vs Union Of India & Anr on 11 May, 2012"
0,C0_S17.0,4,"Kumaon Mandal Vikas Nigam Ltd vs Girja Shankar Pant & Ors on 18 October, 2000",0.00014497,"Kumaon Mandal Vikas Nigam Ltd vs Girja Shankar Pant & Ors on 18 October, 2000 | Oryx Fisheries Pvt.Ltd vs Union Of India & Ors on 29 October, 2010 | Abp Pvt.Ltd.& Anr vs Union Of India & Ors | N.K.Bajpai vs Union Of India & Anr on 15 March, 2012",3.0,"Kumaon Mandal Vikas Nigam Ltd vs Girja Shankar Pant & Ors on 18 October, 2000"
0,C0_S19.0,3,Sur_Enamel_And_Stampingworks_P_Ltd_vs_Their_Workmen_on_7_May_1963,0.00013157,Sur_Enamel_And_Stampingworks_P_Ltd_vs_Their_Workmen_on_7_May_1963 | Central_Bank_Of_India_Ltd_vs_Karunamoy_Banerjee_on_18_August_1967 | Employers_Of_Firestone_Tyre_And_Rubber_vs_Their_Workmen_on_22_August_1967,1.0,Central_Bank_Of_India_Ltd_vs_Karunamoy_Banerjee_on_18_August_1967
0,C0_S21.0,3,"Ahmed G.H. Ariff & Ors vs Commissioner Of Wealth Tax, Calcutta on 20 August, 1969",7e-06,"Ahmed G.H. Ariff & Ors vs Commissioner Of Wealth Tax, Calcutta on 20 August, 1969 | Commissioner Of Wealth Tax, Gujarat ... vs Mrs. Arundhati Balkrishna on 25 February, 1970 | Commissioner_Of_Wealth_Tax_Lucknow_vs_P_K_Banerjee_Dead_By_Lrs_on_9_September_1980",3.0,"Ahmed G.H. Ariff & Ors vs Commissioner Of Wealth Tax, Calcutta on 20 August, 1969"
0,C0_S5.0,2,"State Of Karnataka Etc vs Shri Rameshwara Rice Mills ... on 24 February, 1987",3.85e-06,"State Of Karnataka Etc vs Shri Rameshwara Rice Mills ... on 24 February, 1987 | The State Of Gujarat Through Chief ... vs Amber Builders",1.0,"State Of Karnataka Etc vs Shri Rameshwara Rice Mills ... on 24 February, 1987"
0,C0_S6.0,2,"Shibapada Mukherjee vs The State Of West Bengal on 25 January, 1972",3.8e-06,"Shibapada Mukherjee vs The State Of West Bengal on 25 January, 1972 | Meena Jayendra Thakur vs Union Of India & Ors on 22 September, 1999",0.5,"Shibapada Mukherjee vs The State Of West Bengal on 25 January, 1972"
0,C0_S10.0,2,Mirza_Ali_Akbar_Kashani_vs_United_Arab_Republic_And_Anr_on_5_August_1965,3.97e-06,"Mirza_Ali_Akbar_Kashani_vs_United_Arab_Republic_And_Anr_on_5_August_1965 | Harbhajan Singh Dhalla vs Union Of India on 5 November, 1986",0.5,Mirza_Ali_Akbar_Kashani_vs_United_Arab_Republic_And_Anr_on_5_August_1965
0,C0_S14.0,2,R. Muthukumar vs The Chairman And Managing Director ...,4.04e-06,"R. Muthukumar vs The Chairman And Managing Director ... | Jyostnamayee Mishra vs The State Of Odisha on 20 January, 2025",0.5,R. Muthukumar vs The Chairman And Managing Director ...
0,C0_S15.0,2,The_Sindhu_Resettlement_Corporation_vs_The_Industrial_Tribunal_Of_Gujarat_Ors_on_13_September_1967,4.09e-06,"The_Sindhu_Resettlement_Corporation_vs_The_Industrial_Tribunal_Of_Gujarat_Ors_on_13_September_1967 | Jaipur Udyog Ltd vs Cement Work Karmachari Sangh, Sahu ... on 28 January, 1972",0.5,"Jaipur Udyog Ltd vs Cement Work Karmachari Sangh, Sahu ... on 28 January, 1972"
0,C0_S24.0,2,"L.D. Jaisinghani vs Naraindas N. Punjabi on 27 November, 1975",3.92e-06,"L.D. Jaisinghani vs Naraindas N. Punjabi on 27 November, 1975 | An Advocate vs Bar Council Of India And Anr. on 29 September, 1988",0.5,"L.D. Jaisinghani vs Naraindas N. Punjabi on 27 November, 1975"
0,C0_S26.0,2,"D.L.F. Housing Construction (P) Ltd. vs Delhi Municipal Corpn. And Ors. on 4 December, 1975",3.94e-06,"D.L.F. Housing Construction (P) Ltd. vs Delhi Municipal Corpn. And Ors. on 4 December, 1975 | Pt.Chet Ram Vashist vs Municipal Corporation Of Delhi on 26 October, 1994",1.0,"D.L.F. Housing Construction (P) Ltd. vs Delhi Municipal Corpn. And Ors. on 4 December, 1975"
0,C0_S29.0,2,J_K_Cotton_Spinning_Weavingmills_vs_Badri_Mali_And_Others_on_9_May_1963,3.74e-06,"J_K_Cotton_Spinning_Weavingmills_vs_Badri_Mali_And_Others_on_9_May_1963 | Municipal Corporation Of Delhi vs Female Workers (Muster Roll) And Amr on 8 March, 2000",0.5,J_K_Cotton_Spinning_Weavingmills_vs_Badri_Mali_And_Others_on_9_May_1963
0,C0_S31.0,2,"Manganese Ore (India) Ltd. A vs The Regional Assistant Commissioner Of ... on 19 December, 1975",4.863e-05,"Manganese Ore (India) Ltd. A vs The Regional Assistant Commissioner Of ... on 19 December, 1975 | Bharat Heavy Electrical Limited Etc vs Union Of India And Others Etc on 18 April, 1996",1.0,"Manganese Ore (India) Ltd. A vs The Regional Assistant Commissioner Of ... on 19 December, 1975"
0,C0_S32.0,2,"Mahabir Jute Mills Ltd. Gorakhpur A vs Shibban Lal Saxena And Ors on 30 July, 1975",3.94e-06,"Mahabir Jute Mills Ltd. Gorakhpur A vs Shibban Lal Saxena And Ors on 30 July, 1975 | Modi Industries Ltd vs State Of U.P on 14 October, 1993",1.0,"Mahabir Jute Mills Ltd. Gorakhpur A vs Shibban Lal Saxena And Ors on 30 July, 1975"
0,C0_S33.0,2,S_Govinda_Menon_vs_The_Union_Of_India_Anr_on_2_February_1967,3.9e-06,"S_Govinda_Menon_vs_The_Union_Of_India_Anr_on_2_February_1967 | P. R. Nayak vs Union Of India on 7 December, 1971",0.5,S_Govinda_Menon_vs_The_Union_Of_India_Anr_on_2_February_1967
0,C0_S37.0,2,Jaora_Sugar_Mills_P_Ltd_vs_State_Of_Madhya_Pradesh_And_Others_on_19_April_1965,6.8e-06,Jaora_Sugar_Mills_P_Ltd_vs_State_Of_Madhya_Pradesh_And_Others_on_19_April_1965 | Bhopal_Sugar_Industries_Ltd_vs_State_Of_Madhya_Pradesh_Ors_on_5_December_1978,1.5,Jaora_Sugar_Mills_P_Ltd_vs_State_Of_Madhya_Pradesh_And_Others_on_19_April_1965
2,C2_S2.0,55,"Miheer H. Mafatlal vs Mafatlal Industries Ltd on 11 September, 1996",0.00059748,"Miheer H. Mafatlal vs Mafatlal Industries Ltd on 11 September, 1996 | State Of West Bengal vs Administrator, Howrah Municipality & ... on 14 December, 1971 | Hindustan_Lever_Employees__Union_vs_Hindustan_Lever_Limited_And_Ors_on_24_October_1994 | Union Of India vs Raman Iron Foundry on 12 March, 1974 | Mr.France B.Martins & Anr vs Mrs.Mafalda Maria Teresa Rodrigues on 24 August, 1999",3.9,"Union Of India vs Raman Iron Foundry on 12 March, 1974"
2,C2_S4.0,52,"Ispat Engineering And Foundry Works, ... vs Steel Authority Of India Ltd. B.S. City, ... on 25 July, 2001",2.525e-05,"Ispat Engineering And Foundry Works, ... vs Steel Authority Of India Ltd. B.S. City, ... on 25 July, 2001 | Chiranjilal Shrilal Goenka (Deceased) ... vs Jasjit Singh And Ors on 18 March, 1993 | S.S. Rathore vs State Of Madhya Pradesh on 6 September, 1989 | R_Viswanathan_vs_Rukn_Ul_Mulk_Syed_Abdul_Wajid_on_4_May_1962 | Pierce_Leslie_Co_Ltd_vs_Violet_Ouchterlony_Wapshareand_Others_on_20_December_1968",3.1,"S.S. Rathore vs State Of Madhya Pradesh on 6 September, 1989"
2,C2_S3.0,45,"Vidhyadhar vs Manikrao & Anr. on 17 March, 1999",0.00017367,"Vidhyadhar vs Manikrao & Anr. on 17 March, 1999 | Mrs_Chandnee_Widya_Vati_Madden_vs_Dr_C_L_Katiai_Others_on_25_March_1963 | Ram Kisto Mandal And Anr vs Dhankisto Mandal on 15 July, 1968 | R. C. Chandiok & Anr vs Chuni Lal Sabharwal & Ors on 12 October, 1970 | P_L_Bapuswami_vs_N_Pattay_Gounder_on_7_December_1965",2.1,"Rojasara Ramjibhai Dahyabhai vs Jani Narottamdas Lallubhai (Dead)By ... on 10 April, 1986"
2,C2_S9.0,44,"Rajasthan State Mines & Minerals ... vs Eastern Engineering Enterprises & Anr on 20 September, 1999",0.00035312,"Rajasthan State Mines & Minerals ... vs Eastern Engineering Enterprises & Anr on 20 September, 1999 | Secretary Irrigation Department ... vs G.C. Roy on 12 December, 1991 | The New India Civil Erectors(P) Ltd vs Oil & Natural Gas Corporation on 17 February, 1997 | Steel Authority Of India Limited vs J.C. Budharaja, Government And Mining ... on 1 September, 1999 | Union_Of_India_vs_A_L_Rallia_Ram_on_19_April_1963",3.3,"Secretary Irrigation Department ... vs G.C. Roy on 12 December, 1991"
2,C2_S27.0,44,K_K_Modi_vs_K_N_Modi_Ors_on_4_February_1998,0.00021253,"K_K_Modi_vs_K_N_Modi_Ors_on_4_February_1998 | Lalji Raja & Sons vs Firm Hansraj Nathuram on 23 February, 1971 | Sundaram Finance Ltd vs Nepc India Ltd on 13 January, 1999 | Smt_Rukmanibai_Gupta_vs_Collector_Jabalpur_And_Ors_on_22_October_1980 | Jammu & Kashmir State Forest ... vs Abdul Karim Wani on 31 March, 1989",2.8,K_K_Modi_vs_K_N_Modi_Ors_on_4_February_1998
2,C2_S40.0,40,"Parsinni (Dead) By Lrs. And Ors. vs Sukhi And Ors. on 15 September, 1993",0.00010756,"Parsinni (Dead) By Lrs. And Ors. vs Sukhi And Ors. on 15 September, 1993 | S. Shanmugam Pillai And Ors vs K. Shanmugam Pillai And Ors on 4 May, 1972 | Bhoop Singh vs Ram Singh Major & Ors on 11 September, 1995 | Shiromani & Ors vs Hem Kumar & Ors on 4 April, 1968 | Roshan Singh & Ors vs Zile Singh & Ors on 24 February, 1988",2.9,"Sardar Singh vs Krishna Devi on 26 April, 1994"
2,C2_S10.0,38,"Renusagar Power Co. Ltd vs General Electric Co on 7 October, 1993",0.00010989,"Renusagar Power Co. Ltd vs General Electric Co on 7 October, 1993 | Sultana_Begum_vs_Prem_Chand_Jain_on_10_December_1996 | State Of Orissa vs Klockner And Company & Ors on 16 April, 1996 | Rattan Chand Hira Chand vs Askar Nawaz Jung (Dead) By L.Rs. And Ors on 12 February, 1991 | Lachoo Mal vs Radhey Shyam on 10 February, 1971",2.5,"Renusagar Power Co. Ltd vs General Electric Co on 7 October, 1993"
2,C2_S24.0,36,"Canara Bank vs Nuclear Power Corporation Of India Ltd. ... on 6 March, 1995",0.00013536,"Canara Bank vs Nuclear Power Corporation Of India Ltd. ... on 6 March, 1995 | Mukri Gopalan vs Cheppilat Puthanpurayil Aboobacker on 12 July, 1995 | Thakur_Jugal_Kishore_Sinha_vs_Sitamarhi_Central_Co_Operative_Bank_on_13_March_1967 | India Electric Works Ltd vs James Mantosh & Anr on 15 September, 1970 | Gurdit Singh And Ors. Etc vs Munsha Singh And Ors. Etc on 29 November, 1976",2.7,"Canara Bank vs Nuclear Power Corporation Of India Ltd. ... on 6 March, 1995"
2,C2_S58.0,36,"R.K. Mohammed Ubaidullah & Ors vs Hajee C.Abdul Wahab (D) & Ors on 18 July, 2000",4.857e-05,"R.K. Mohammed Ubaidullah & Ors vs Hajee C.Abdul Wahab (D) & Ors on 18 July, 2000 | Gangabai_W_O_Rambilas_Gilda_vs_Chhabubai_W_O_Pukharajji_Gandhi_on_6_November_1981 | Shri Mahabir Prasad Jain vs Shri Ganga Singh on 5 October, 1999 | Dilbagrai Punjabi vs Sharad Chandra on 8 August, 1988 | Dr. Govinddas And Anr. vs Shrimati Shantibai And Ors. on 21 January, 1972",1.8,"R.K. Mohammed Ubaidullah & Ors vs Hajee C.Abdul Wahab (D) & Ors on 18 July, 2000"
2,C2_S34.0,35,"Naresh Chandra Sanyal vs Calcutta Stock Exchange Association ... on 25 September, 1970",4.597e-05,"Naresh Chandra Sanyal vs Calcutta Stock Exchange Association ... on 25 September, 1970 | Fateh_Chand_vs_Balkishan_Das_on_15_January_1963 | Vasudev Ramchandra Shelat vs Pranlal Jayanand Thakar And Ors on 17 July, 1974 | Balkrishan_Gupta_And_Ors_vs_Swadeshi_Polytex_Ltd_And_Anr_on_12_February_1985 | B.O.I. Finance Ltd vs The Custodian & Ors on 19 March, 1997",1.7,"B.O.I. Finance Ltd vs The Custodian & Ors on 19 March, 1997"
2,C2_S47.0,31,"Dhurandhar Prasad Singh vs Jai Prakash University And Ors on 24 July, 2001",0.00018433,"Dhurandhar Prasad Singh vs Jai Prakash University And Ors on 24 July, 2001 | Arjun_Singh_vs_Mohindra_Kumar_Ors_on_13_December_1963 | Sarvinder Singh vs Dalip Singh & Ors on 2 August, 1996 | Surjit Singh & Ors. Etc. Etc vs Harbans Singh & Ors. Etc. Etc on 6 September, 1995 | Samarendra_Nath_Sinha_Anr_vs_Krishna_Kumar_Nag_on_1_November_1966",3.4,"Dhurandhar Prasad Singh vs Jai Prakash University And Ors on 24 July, 2001"
2,C2_S52.0,31,"Santosh Hazari vs Purushottam Tiwari (Dead) By Lrs on 8 February, 2001",0.00025334,"Santosh Hazari vs Purushottam Tiwari (Dead) By Lrs on 8 February, 2001 | Panchugopal Barua & Ors vs Umesh Chandra Goswami & Ors on 12 February, 1997 | Kshitish Chandra Purkait vs Santosh Kumar Purkait & Ors on 7 May, 1997 | Thakur_Kishan_Singh_vs_Arvind_Kumar_on_7_September_1994 | A. Venkatasubbiah Naidu vs S. Chellappan And Ors on 19 September, 2000",2.7,"Santosh Hazari vs Purushottam Tiwari (Dead) By Lrs on 8 February, 2001"
2,C2_S14.0,28,"Narandas Karsondas vs S.A. Kamtam & Anr on 7 December, 1976",2.651e-05,"Narandas Karsondas vs S.A. Kamtam & Anr on 7 December, 1976 | United Bank Of India vs Satyawati Tondon & Ors | Rambaran_Prosad_vs_Ram_Mohit_Hazra_Ors_on_6_September_1966 | Gm, Sri Siddeshwara Co-Op.Bank Ltd.& ... vs Sri Ikbal & Ors on 22 August, 2013 | J.Rajiv Subramaniyan & Anr vs M/S Pandiyas & Ors on 14 March, 2014",2.1,"Narandas Karsondas vs S.A. Kamtam & Anr on 7 December, 1976"
2,C2_S11.0,27,"Solidaire India Ltd vs Fairgrowth Financial Services Ltd. And ... on 7 February, 2001",3.564e-05,"Solidaire India Ltd vs Fairgrowth Financial Services Ltd. And ... on 7 February, 2001 | Wg. Cdr. Arifur Rahman Khan And Aleya ... vs Dlf Southern Homes Pvt. Ltd. (Now Known ... | M/S. National Seeds Corpn. Ltd vs M.Madhusudhan Reddy & Anr | Ireo Grace Realtech Pvt. Ltd. vs Abhishek Khanna on 11 January, 2021 | M/S Imperia Structures Ltd. vs Anil Patni And Anr. Etc.",2.0,"Solidaire India Ltd vs Fairgrowth Financial Services Ltd. And ... on 7 February, 2001"
2,C2_S43.0,25,"Allahabad Bank vs Canara Bank & Another on 10 April, 2000",0.00018567,"Allahabad Bank vs Canara Bank & Another on 10 April, 2000 | Icici Bank Ltd vs Sidco Leathers Ltd. & Ors | Morgan Stanley Mutual Fund vs Kartick Das on 20 May, 1994 | Shree Chamundi Mopeds Ltd vs Church Or South India Trust Assn. Csi ... on 29 April, 1992 | Shankarlal_Aggarwal_And_Ors_vs_Shankarlal_Poddar_And_Ors_on_24_January_1963",4.4,"Allahabad Bank vs Canara Bank & Another on 10 April, 2000"
2,C2_S45.0,25,"K.S. Bhoopathy And Ors vs Kokila And Ors on 8 May, 2000",4.236e-05,"K.S. Bhoopathy And Ors vs Kokila And Ors on 8 May, 2000 | Manindra_Land_And_Buildingcorporation_vs_Bhutnath_Banerjee_And_Others_on_2_May_1963 | Pandurang_Dhoni_Chougule_vs_Maruti_Hari_Jadhav_on_26_April_1965 | Executive Officer, Arthanareswarar ... vs R. Sathyamoorthy And Ors on 9 February, 1999 | M. L. Sethi vs R. P. Kapur on 19 July, 1972",2.5,"M. L. Sethi vs R. P. Kapur on 19 July, 1972"
2,C2_S48.0,22,"Tirumala Tirupati Devasthanams vs K.M. Krishnaiah on 2 March, 1998",0.0005068,"Tirumala Tirupati Devasthanams vs K.M. Krishnaiah on 2 March, 1998 | Harihar Prasad Singh And Ors vs Balmiki Prasad Singh And Ors on 10 December, 1974 | Nair_Service_Society_Ltd_vs_Rev_Father_K_C_Alexander_Ors_on_12_February_1968 | Nagar_Palika_Jind_vs_Jagat_Singh_Advocate_on_28_March_1995 | Daya_Ram_And_Others_vs_Shyam_Sundari_on_8_September_1964",2.3,Jayarama_Reddy_Anr_vs_Revenue_Divisional_Officer_Land_on_23_March_1979
2,C2_S18.0,21,Ram_Sarup_Gupta_Dead_By_Lrs_vs_Bishun_Narain_Inter_College_Ors_on_8_April_1987,0.0002308,"Ram_Sarup_Gupta_Dead_By_Lrs_vs_Bishun_Narain_Inter_College_Ors_on_8_April_1987 | Kshitish_Chandra_Bose_vs_Commissioner_Of_Ranchi_on_6_February_1981 | Laxmidas_Dahyabhai_Kabarwala_vs_Nanabhai_Chunilal_Kabarwala_And_Ors_on_27_March_1963 | R_Ramachandran_Ayyar_vs_Ramalingam_Chettiar_on_10_August_1962 | Khalil Ahmed Bashir Ahmed vs Tufelhussein Samasbhai Sarangpurwala on 13 November, 1987",2.4,"Qudrat Ullah vs Municipal Board, Barelly on 29 November, 1973"
2,C2_S28.0,21,"Ragu Thilak D. John vs S.Rayappan & Others on 23 January, 2001",0.00029127,"Ragu Thilak D. John vs S.Rayappan & Others on 23 January, 2001 | M/S. Estralla Rubber vs Dass Estate (Private) Ltd on 12 September, 2001 | Ganga Bai vs Vijay Kumar & Ors on 9 April, 1974 | Sheodan_Singh_vs_Smt_Daryao_Kunwar_on_14_January_1966 | A_K_Gupta_And_Sons_vs_Damodar_Valley_Corporation_on_10_September_1965",2.7,"Ganga Bai vs Vijay Kumar & Ors on 9 April, 1974"
2,C2_S1.0,19,"Dorab Cawasji Warden vs Coomi Sorab Warden & Ors on 13 February, 1990",0.00021961,"Dorab Cawasji Warden vs Coomi Sorab Warden & Ors on 13 February, 1990 | Dalpat Kumar And Anr. vs Prahlad Singh And Ors. on 16 December, 1991 | Kollipara_Sriramulu_vs_T_Aswathanarayana_Ors_on_4_March_1968 | Smt. Mayawanti vs Smt. Kaushalya Devi on 6 April, 1990 | Samee Khan vs Bindu Khan on 1 September, 1998",1.5,"Dalpat Kumar And Anr. vs Prahlad Singh And Ors. on 16 December, 1991"
2,C2_S29.0,17,Modi_Co_vs_Union_Of_India_on_7_December_1967,6.623e-05,"Modi_Co_vs_Union_Of_India_on_7_December_1967 | Syed_Abdul_Khader_vs_Rami_Reddy_And_Ors_on_29_November_1978 | Mst_Ramrati_Kuer_vs_Dwarika_Prasad_Singh_And_Ors_on_24_August_1966 | Muncipal_Corporation_For_Greater_vs_Lala_Pancham_Of_Bombay_Others_on_1_October_1964 | Supreme General Films Exchange Ltd vs His Highness Maharaja Sir Brijnath ... on 4 August, 1975",1.9,Syed_Abdul_Khader_vs_Rami_Reddy_And_Ors_on_29_November_1978
2,C2_S30.0,11,"Jose Da Costa And Anr. vs Bascora Sadasiva Sinai Narcornim And ... on 1 August, 1975",1.313e-05,"Jose Da Costa And Anr. vs Bascora Sadasiva Sinai Narcornim And ... on 1 August, 1975 | State Of Uttar Pradesh & Anr vs Anand Swarup on 6 November, 1973 | B_Shama_Rao_vs_The_Union_Territory_Of_Pondicherry_on_20_February_1967 | M_S_Shanti_Conductors_P_Ltd_Anr_vs_Assam_State_Electricity_Board_Ors_on_31_August_2016 | Keshavlal Khemchand And Sons Pvt Ltd And ... vs Union Of India And Ors on 28 January, 2015",3.8,"Jose Da Costa And Anr. vs Bascora Sadasiva Sinai Narcornim And ... on 1 August, 1975"
2,C2_S13.0,10,Ramkishore_Lal_vs_Kamal_Narain_on_22_November_1962,4.56e-06,"Ramkishore_Lal_vs_Kamal_Narain_on_22_November_1962 | Naramadaben Maganlal Thakker vs Pranjivandas Maganlal Thakker & Ors on 10 September, 1996 | Satya Pal Anand vs State Of M.P. And Ors | Renikuntla Rajamma (D) By Lr vs K.Sarwanamma on 17 July, 2014 | Madhuri Ghosh & Anr vs Debobroto Dutta & Anr",1.3,Ramkishore_Lal_vs_Kamal_Narain_on_22_November_1962
2,C2_S42.0,10,"Raptakos Brett And Co. Ltd vs Ganesh Property on 8 September, 1998",0.00014944,"Raptakos Brett And Co. Ltd vs Ganesh Property on 8 September, 1998 | Jagdish_Chander_Gupta_vs_Kajaria_Traders_India_Ltd_on_29_April_1964 | Kamal Pushp Enterprises vs D.R. Construction Company on 28 July, 2000 | Madan Lal vs Bhai Anand Singh & Ors on 12 October, 1972 | M/S Umesh Goel vs Himachal Pradesh Cooperative Group ...",2.2,"Raptakos Brett And Co. Ltd vs Ganesh Property on 8 September, 1998"
2,C2_S12.0,8,"Mahboob Sahab vs Syed Ismail & Ors on 23 March, 1995",1.413e-05,"Mahboob Sahab vs Syed Ismail & Ors on 23 March, 1995 | Syed Shah Ghulam Ghouse Mohiuddin And ... vs Syed Shah Ahmed Moriuddin Kamisul ... on 17 February, 1971 | Iftikhar Ahmed And Others vs Syed Meharban Ali And Others on 26 February, 1974 | Shashibushan Prasad Misilra & Anr vs Babuji Rai & Ors on 27 November, 1968 | Gulam Abbas vs Haji Kayyum Ali & Ors on 18 September, 1972",1.9,"Mahboob Sahab vs Syed Ismail & Ors on 23 March, 1995"
2,C2_S57.0,5,"Janak Dulari Devi & Anr vs Kapildeo Rai & Anr on 15 April, 2011",4.63e-06,"Janak Dulari Devi & Anr vs Kapildeo Rai & Anr on 15 April, 2011 | Bishundeo Narain Rai (Dead) By L.Rs & Ors vs Anmol Devi And Ors on 20 August, 1998 | Pratima Chowdhury vs Kalpana Mukherjee & Anr | Baini Prasad (D) Thr. Lrs. vs Durga Devi | Yogendra Prasad Singh (Dead) Thr Lrs vs Ram Bachan Devi And Ors. on 31 July, 2023",1.0,"Bishundeo Narain Rai (Dead) By L.Rs & Ors vs Anmol Devi And Ors on 20 August, 1998"
2,C2_S15.0,4,Bhagwan_Swaroop_And_Ors_vs_Mool_Chand_And_Ors_on_3_February_1983,6.98e-06,Bhagwan_Swaroop_And_Ors_vs_Mool_Chand_And_Ors_on_3_February_1983 | Gangadhar_And_Anr_vs_Raj_Kumar_on_26_August_1983 | Om_Prakash_Gupta_Alias_Lalloowa_Now_vs_Satish_Chandra_Now_Deceased_on_11_February_2025 | Pankajbhai Rameshbhai Zalavadiya vs Jethabhai Kalabhai Zalavadiya ...,0.8,Bhagwan_Swaroop_And_Ors_vs_Mool_Chand_And_Ors_on_3_February_1983
2,C2_S17.0,4,"Manzoor Ahmed Margray vs Gulam Hassan Aram & Ors on 5 October, 1999",9.062e-05,"Manzoor Ahmed Margray vs Gulam Hassan Aram & Ors on 5 October, 1999 | Kartar Singh vs Harjinder Singh And Others on 21 February, 1990 | A. Abdul Rashid Khan (Dead) And Ors. vs P.A.K.A. Shahul Hamid And Ors. on 3 May, 2000 | Syscon Consultants P.Ltd vs M/S Primella Sanitary Prod.P.Ltd.& Ors",2.2,"Manzoor Ahmed Margray vs Gulam Hassan Aram & Ors on 5 October, 1999"
2,C2_S38.0,4,J.Samuel & Ors vs Gattu Mhesh & Ors,5.13e-06,J.Samuel & Ors vs Gattu Mhesh & Ors | Abdul Rehman & Anr vs Mohd.Ruldu & Ors | Vidyabai & Ors vs Padmalatha & Anr | Gurbakhsh Singh vs Buta Singh,1.0,Abdul Rehman & Anr vs Mohd.Ruldu & Ors
2,C2_S0.0,3,Atcom Technologies Ltd vs Y.A. Chunawala And Co.,4.1e-06,Atcom Technologies Ltd vs Y.A. Chunawala And Co. | Desh Raj vs Balkishan (D) Through Proposed Lr Ms. ... | New India Assurance Co. Ltd vs Hilli Multipurpose Cold Storage Pvt Ltd,0.7,New India Assurance Co. Ltd vs Hilli Multipurpose Cold Storage Pvt Ltd
2,C2_S16.0,3,"Om Prakash And Anr vs Jai Prakash on 9 January, 1992",4.16e-06,"Om Prakash And Anr vs Jai Prakash on 9 January, 1992 | Sri Marcel Martins vs M. Printer & Ors on 27 April, 2012 | Pawan Kumar vs Babulal Since Deceased Through Lrs",0.7,"Om Prakash And Anr vs Jai Prakash on 9 January, 1992"
2,C2_S19.0,3,"Sameer Singh & Anr vs Abdul Rab & Ors on 14 October, 2014",4.16e-06,"Sameer Singh & Anr vs Abdul Rab & Ors on 14 October, 2014 | Ghasi Ram And Others vs Chait Ram Saini And Others on 22 July, 1998 | Ved Kumari (Dead Thr. Her Lr) Dr. Vijay ... vs Municipal Corporation Of Delhi Through ... on 24 August, 2023",0.7,"Ghasi Ram And Others vs Chait Ram Saini And Others on 22 July, 1998"
2,C2_S22.0,3,Lilavati Kirtilal Mehta Medical Trust vs M/S Unique Shanti Developers,4.23e-06,"Lilavati Kirtilal Mehta Medical Trust vs M/S Unique Shanti Developers | Shrikant G. Mantri vs Punjab National Bank on 22 February, 2022 | The Chief Manager Central Bank Of India vs M/S Ad Bureau Advertising Pvt Ltd on 28 February, 2025",1.0,Lilavati Kirtilal Mehta Medical Trust vs M/S Unique Shanti Developers
2,C2_S23.0,3,Akhil_Bhartiya_Upbhokta_Congress_vs_Staet_Of_M_P_Ors_on_6_April_2011,3.79e-06,"Akhil_Bhartiya_Upbhokta_Congress_vs_Staet_Of_M_P_Ors_on_6_April_2011 | State Of Uttar, Pradesh vs Bansi Dhar And Others on 11 December, 1973 | Bengal Ambuja Housing Development ... vs Pramila Sanfui And Ors on 18 September, 2015",0.7,"State Of Uttar, Pradesh vs Bansi Dhar And Others on 11 December, 1973"
2,C2_S31.0,3,Pentakota_Srirakulu_vs_The_Co_Operative_Marketing_Society_Ltd_on_28_August_1964,4.03e-06,"Pentakota_Srirakulu_vs_The_Co_Operative_Marketing_Society_Ltd_on_28_August_1964 | Prem Jeet Kumar vs Surender Gandotra And Ors on 27 August, 1991 | Power_Machines_India_Limited_vs_State_Of_Mahdya_Pradesh_Ors_on_17_April_2017",1.0,Pentakota_Srirakulu_vs_The_Co_Operative_Marketing_Society_Ltd_on_28_August_1964
2,C2_S5.0,2,Barasat Eye Hospital Thr. Its Rep. vs Kaustabh Mondal,3.84e-06,Barasat Eye Hospital Thr. Its Rep. vs Kaustabh Mondal | Raghunath(D) By Lrs. vs Radha Mohan (D) Thr. Lrs.,0.5,Barasat Eye Hospital Thr. Its Rep. vs Kaustabh Mondal
2,C2_S6.0,2,Mrs. Geetaben Anilkumar Patel And Ors. vs Pravinchandra Jinabhai Patel And Ors.,3.86e-06,"Mrs. Geetaben Anilkumar Patel And Ors. vs Pravinchandra Jinabhai Patel And Ors. | Mahindra And Mahindra Financial ... vs Maheshbhai Tinabhai Rathod on 16 December, 2021",0.5,Mrs. Geetaben Anilkumar Patel And Ors. vs Pravinchandra Jinabhai Patel And Ors.
2,C2_S7.0,2,Commissioner_Madras_Hindu_Religious_vs_Narayana_Ayyangar_And_Others_on_24_February_1965,3.85e-06,"Commissioner_Madras_Hindu_Religious_vs_Narayana_Ayyangar_And_Others_on_24_February_1965 | Idol Of Sri Renganathaswamy Rep By Its ... vs P K Thoppulan Chettiar, Ramanuja Koodam ...",0.5,"Idol Of Sri Renganathaswamy Rep By Its ... vs P K Thoppulan Chettiar, Ramanuja Koodam ..."
2,C2_S8.0,2,Loonkaran_Sethiya_vs_State_Bank_Of_Jaipur_Ors_on_25_April_1968,4.04e-06,"Loonkaran_Sethiya_vs_State_Bank_Of_Jaipur_Ors_on_25_April_1968 | Shanti Budhiya Vesta Patel & Ors vs Nirmala Jayprakash Tiwari & Ors on 21 April, 2010",0.5,Loonkaran_Sethiya_vs_State_Bank_Of_Jaipur_Ors_on_25_April_1968
2,C2_S20.0,2,"Dlf Universal Ltd. & Anr vs Director, T.&C. Planning Haryana & Ors",3.85e-06,"Dlf Universal Ltd. & Anr vs Director, T.&C. Planning Haryana & Ors | Rajasthan State I.D.I.Corpn. Ltd. & Anr vs Diamond & Gem Dev. Corpn. Ltd. & Anr",1.0,"Dlf Universal Ltd. & Anr vs Director, T.&C. Planning Haryana & Ors"
2,C2_S21.0,2,"B. Gangadhar vs B.G. Rajalingam on 12 May, 1995",3.85e-06,"B. Gangadhar vs B.G. Rajalingam on 12 May, 1995 | Sushil Kumar Agarwal vs Meenakshi Sadhu .",1.0,"B. Gangadhar vs B.G. Rajalingam on 12 May, 1995"
2,C2_S25.0,2,"Dewan Singh vs Champat Singh & Ors on 17 October, 1969",3.94e-06,"Dewan Singh vs Champat Singh & Ors on 17 October, 1969 | Indian Oil Corporation vs Indian Carbon Ltd on 6 April, 1988",0.5,"Dewan Singh vs Champat Singh & Ors on 17 October, 1969"
2,C2_S26.0,2,"Ghantesher Ghosh vs Madan Mohan Ghosh & Ors on 18 September, 1996",2.684e-05,"Ghantesher Ghosh vs Madan Mohan Ghosh & Ors on 18 September, 1996 | Gautam Paul vs Debi Rani Paul And Ors on 17 October, 2000",1.0,"Ghantesher Ghosh vs Madan Mohan Ghosh & Ors on 18 September, 1996"
2,C2_S32.0,2,Municipal_Council_Khurai_And_Another_vs_Kamal_Kumar_Another_on_18_December_1964,2.576e-05,"Municipal_Council_Khurai_And_Another_vs_Kamal_Kumar_Another_on_18_December_1964 | Dhrangadhra Chemical Works Ltd. vs State Of Gujarat And Ors. on 20 September, 1972",2.5,"Dhrangadhra Chemical Works Ltd. vs State Of Gujarat And Ors. on 20 September, 1972"
2,C2_S33.0,2,Sundaram_Finance_Ltd_vs_State_Of_Kerala_And_Another_on_30_November_1965,4.02e-06,Sundaram_Finance_Ltd_vs_State_Of_Kerala_And_Another_on_30_November_1965 | M/S Magma Fincorp Ltd. (Formerly Magma ... vs Rajesh Kumar Tiwari,2.0,Sundaram_Finance_Ltd_vs_State_Of_Kerala_And_Another_on_30_November_1965
2,C2_S35.0,2,"Ajudh Raj And Ors vs Moti, S/O Mussadi on 3 May, 1991",3.97e-06,"Ajudh Raj And Ors vs Moti, S/O Mussadi on 3 May, 1991 | State_Of_Maharashtra_vs_Pravin_Jethalal_Kamdar_Dead_By_Lrs_on_7_March_2000",0.5,State_Of_Maharashtra_vs_Pravin_Jethalal_Kamdar_Dead_By_Lrs_on_7_March_2000
2,C2_S36.0,2,Commissioner_Of_Income_Tax_Madhya_vs_Seth_Govindram_Sugar_Mills_Ltd_on_26_March_1965,3.94e-06,Commissioner_Of_Income_Tax_Madhya_vs_Seth_Govindram_Sugar_Mills_Ltd_on_26_March_1965 | Shreya_Vidyarthi_vs_Ashok_Vidyarthi_Ors_on_16_December_2015,0.5,Commissioner_Of_Income_Tax_Madhya_vs_Seth_Govindram_Sugar_Mills_Ltd_on_26_March_1965
2,C2_S37.0,2,Ramachandra_Shenoy_And_Another_vs_Mrs_Hilda_Brite_And_Others_on_1_April_1963,2.859e-05,Ramachandra_Shenoy_And_Another_vs_Mrs_Hilda_Brite_And_Others_on_1_April_1963 | Narendra Gopal Vidyarthi vs Rajat Vidyarthi,1.0,Ramachandra_Shenoy_And_Another_vs_Mrs_Hilda_Brite_And_Others_on_1_April_1963
2,C2_S39.0,2,"Shaukat Hussain Alias Ali Akram & Ors vs Smt. Bhuneshwari Devi (Dead)) By L. Rs. & ... on 25 August, 1972",6.6e-06,"Shaukat Hussain Alias Ali Akram & Ors vs Smt. Bhuneshwari Devi (Dead)) By L. Rs. & ... on 25 August, 1972 | Sri_Krishna_Singh_vs_Mathura_Ahir_And_Ors_on_7_September_1981",0.5,"Shaukat Hussain Alias Ali Akram & Ors vs Smt. Bhuneshwari Devi (Dead)) By L. Rs. & ... on 25 August, 1972"
2,C2_S41.0,2,Sugandhi (Dead) vs P. Rajkumar Rep. By Power Agent Imamoli,3.83e-06,Sugandhi (Dead) vs P. Rajkumar Rep. By Power Agent Imamoli | Sathyanath vs Sarojamani,0.5,Sathyanath vs Sarojamani
2,C2_S44.0,2,New_Satgram_Engineering_Works_Anr_vs_Union_Of_India_Ors_And_Vice_Versa_on_14_August_1980,6.82e-06,New_Satgram_Engineering_Works_Anr_vs_Union_Of_India_Ors_And_Vice_Versa_on_14_August_1980 | Union_Of_India_Ors_vs_United_Collieries_Ltd_Ors_on_3_December_1984,1.5,New_Satgram_Engineering_Works_Anr_vs_Union_Of_India_Ors_And_Vice_Versa_on_14_August_1980
2,C2_S46.0,2,"Ugamsingh & Mishrimal vs Kesrimal & Ors on 26 November, 1970",4.37e-06,"Ugamsingh & Mishrimal vs Kesrimal & Ors on 26 November, 1970 | Disst. Council Of United Basel ... vs Salvador Nicholas Mathias & Ors on 20 January, 1988",1.0,"Ugamsingh & Mishrimal vs Kesrimal & Ors on 26 November, 1970"
2,C2_S49.0,2,"Vannarakkal Kallalathil Sreedharan vs Chandramaath Balakrishnan And Anr on 6 March, 1990",3.92e-06,"Vannarakkal Kallalathil Sreedharan vs Chandramaath Balakrishnan And Anr on 6 March, 1990 | Rajender Singh vs Ramdhar Singh And Ors on 11 May, 2001",0.5,"Vannarakkal Kallalathil Sreedharan vs Chandramaath Balakrishnan And Anr on 6 March, 1990"
2,C2_S50.0,2,"N.S.S.Narayana Sarma & Ors vs M/S.Goldstone Exports P. Ltd. & Ors on 23 November, 2001",3.8e-06,"N.S.S.Narayana Sarma & Ors vs M/S.Goldstone Exports P. Ltd. & Ors on 23 November, 2001 | Periyammal (Dead Thr. Lrs.) vs V. Rajamani And Anr. Etc on 6 March, 2025",0.5,"N.S.S.Narayana Sarma & Ors vs M/S.Goldstone Exports P. Ltd. & Ors on 23 November, 2001"
2,C2_S51.0,2,M/S. Sonell Clocks And Gifts Ltd. vs The New India Assurance Co. Ltd.,4.65e-06,M/S. Sonell Clocks And Gifts Ltd. vs The New India Assurance Co. Ltd. | Saurashtra Chemicals Ltd.(Presently ... vs National Insurance Co. Ltd.,0.5,M/S. Sonell Clocks And Gifts Ltd. vs The New India Assurance Co. Ltd.
2,C2_S53.0,2,"Ramagya Prasad Gupta & Ors vs Murli Prasad & Ors on 11 April, 1974",3.92e-06,"Ramagya Prasad Gupta & Ors vs Murli Prasad & Ors on 11 April, 1974 | Koshal Pal & Ors vs Mohan Lal & Ors on 26 November, 1975",0.5,"Ramagya Prasad Gupta & Ors vs Murli Prasad & Ors on 11 April, 1974"
2,C2_S54.0,2,Centre For Public Interest Litigation vs U.O.I,4.13e-06,"Centre For Public Interest Litigation vs U.O.I | National Confederation Of Officers ... vs Union Of India on 18 November, 2021",3.5,Centre For Public Interest Litigation vs U.O.I
2,C2_S55.0,2,"Kiran Devi vs Bihar State Sunni Wakf Board on 5 April, 2021",3.94e-06,"Kiran Devi vs Bihar State Sunni Wakf Board on 5 April, 2021 | Commissioner Of Income-Tax, Madhya ... vs Sir Hukumchand Mannalal & Co on 20 July, 1970",1.5,"Commissioner Of Income-Tax, Madhya ... vs Sir Hukumchand Mannalal & Co on 20 July, 1970"
2,C2_S56.0,2,"Dr. Kishore Chand Kapoor And Ors. vs Dharam Pal Kapoor And Ors. on 24 October, 1986",4.09e-06,"Dr. Kishore Chand Kapoor And Ors. vs Dharam Pal Kapoor And Ors. on 24 October, 1986 | State Of U.P. And Ors. vs Vii Additional District Judge And Ors. on 16 September, 1992",0.5,"Dr. Kishore Chand Kapoor And Ors. vs Dharam Pal Kapoor And Ors. on 24 October, 1986"
2,C2_S59.0,2,"Budhwanti And Anr vs Gulab Chand Prasad on 4 March, 1987",3.92e-06,"Budhwanti And Anr vs Gulab Chand Prasad on 4 March, 1987 | Bhoja @ Bhoja Ram Gupta vs Rameshwar Agarwala And Ors on 16 March, 1993",0.5,"Budhwanti And Anr vs Gulab Chand Prasad on 4 March, 1987"
4,C4_S15.0,71,Aloke Nath Dutta & Ors vs State Of West Bengal,0.00030828,"Aloke Nath Dutta & Ors vs State Of West Bengal | Bachan_Singh_Etc_Etc_vs_State_Of_Punjab_Etc_Etc_on_16_August_1982 | Machhi_Singh_And_Others_vs_State_Of_Punjab_on_20_July_1983 | Swamy Shraddananda @ Murali Manohar ... vs State Of Karnataka | Prakash Dhawal Khairnar (Patil) vs State Of Maharastra on 12 December, 2001",6.5,Bachan_Singh_Etc_Etc_vs_State_Of_Punjab_Etc_Etc_on_16_August_1982
4,C4_S18.0,49,State_Of_Bihar_And_Anr_vs_J_A_C_Saldanha_And_Ors_on_13_November_1979,0.00017594,"State_Of_Bihar_And_Anr_vs_J_A_C_Saldanha_And_Ors_on_13_November_1979 | State_Of_West_Bengal_Ors_vs_Swapan_Kumar_Guha_Ors_on_2_February_1982 | M_S_Medchl_Chemicals_Pharma_P_Ltd_vs_M_S_Biological_E_Ltd_Ors_on_25_February_2000 | Hridaya Rangan Pd. Verma And Ors vs State Of Bihar And Anr on 31 March, 2000 | Pratibha_Rani_vs_Suraj_Kumar_Anr_on_12_March_1985",2.6,State_Of_Bihar_And_Anr_vs_J_A_C_Saldanha_And_Ors_on_13_November_1979
4,C4_S23.0,49,A_R_Antulay_vs_R_S_Nayak_Anr_on_29_April_1988,0.00010345,"A_R_Antulay_vs_R_S_Nayak_Anr_on_29_April_1988 | Apar (P) Ltd. And Anr. vs Union Of India (Uoi) And Ors. on 4 October, 1991 | A_R_Antulay_vs_Ramdas_Sriniwas_Nayak_And_Another_on_16_February_1984 | R.S. Nayak vs A.R. Antulay & Anr on 17 April, 1986 | Usmanbhai Dawoodbhai Menon & Ors. Etc vs State Of Gujarat on 14 March, 1988",4.0,A_R_Antulay_vs_R_S_Nayak_Anr_on_29_April_1988
4,C4_S2.0,42,"Kehar Singh & Ors vs State (Delhi Admn.) on 3 August, 1988",0.00021695,"Kehar Singh & Ors vs State (Delhi Admn.) on 3 August, 1988 | Kartar_Singh_vs_State_Of_Punjab_on_11_March_1994 | Collector Of Customs, Madras And Ors vs D. Bhoormul on 3 April, 1974 | Ajay Agarwal vs Union Of India And Ors on 5 May, 1993 | Sardar_Sardul_Singh_Caveeshar_vs_State_Of_Maharashtra_And_Connected_on_18_March_1963",4.3,Kartar_Singh_vs_State_Of_Punjab_on_11_March_1994
4,C4_S0.0,39,Munshi_Ram_And_Others_vs_Delhi_Administration_on_27_November_1967,0.00013836,"Munshi_Ram_And_Others_vs_Delhi_Administration_on_27_November_1967 | Puran Singh & Ors vs State Of Punjab on 25 April, 1975 | Mohan_Singh_vs_State_Of_Punjab_on_15_March_1962 | Bankey Lal And Ors. vs State Of U.P. on 4 February, 1971 | Darshan Singh vs State Of Punjab & Anr on 15 January, 2010",1.8,"Puran Singh & Ors vs State Of Punjab on 25 April, 1975"
4,C4_S13.0,37,"Central Bureau Of Investigation, ... vs Duncans Agro Industries Ltd.,Calcutta on 9 July, 1996",0.00034166,"Central Bureau Of Investigation, ... vs Duncans Agro Industries Ltd.,Calcutta on 9 July, 1996 | Janata_Dal_vs_H_S_Chowdhary_And_Ors_on_28_August_1992 | Mohan_Lal_Anr_vs_Ajit_Singh_And_Anr_on_2_May_1978 | State Of Bihar Etc. Etc vs P.P. Sharma, Ias And Anr on 2 April, 1991 | Gian Singh vs State Of Punjab & Anr on 24 September, 2012",3.4,Umesh Kumar vs State Of A.P.And Anr
4,C4_S5.0,36,The_State_Of_Gujarat_vs_Jaswantlal_Nathalal_on_23_November_1967,2.503e-05,"The_State_Of_Gujarat_vs_Jaswantlal_Nathalal_on_23_November_1967 | State of U.P. v. Naresh and Ors. | S.W. Palanitkar And Ors vs State Of Bihar And Anr on 18 October, 2001 | Union Of India And Another vs W.N. Chadha on 17 December, 1992 | Bhushan Kumar & Anr vs State(Nct Of Delhi) & Anr on 4 April, 2012",2.0,"Deepak Gaba vs State Of Uttar Pradesh on 2 January, 2023"
4,C4_S36.0,36,Lalita Kumari vs Govt.Of U.P.& Ors,5.03e-06,"Lalita Kumari vs Govt.Of U.P.& Ors | Preeti Gupta & Anr vs State Of Jharkhand & Anr on 13 August, 2010 | Hitesh Verma vs The State Of Uttarakhand | Dr. Subhash Kashinath Mahajan vs The State Of Maharashtra | Central Bureau Of Investigation (Cbi) vs Thommandru Hannah Vijayalakshmi @ T.H. ... on 8 October, 2021",2.4,"State Of Punjab vs Brij Lal Palta on 26 August, 1968"
4,C4_S33.0,33,"P. C. Purushothama Reddiar vs S. Perumal on 2 December, 1971",0.00022369,"P. C. Purushothama Reddiar vs S. Perumal on 2 December, 1971 | Arnit Das vs State Of Bihar on 9 May, 2000 | Sanjay @ Kaka Shri Nawabuddin @ Nawab ... vs The State (N.C.T. Of Delhi) on 7 February, 2001 | Mohmed Inayatullah vs The State Of Maharashtra on 9 September, 1975 | R. M. Malkani vs State Of Maharashtra on 22 September, 1972",2.1,"Dalbir Kaur & Ors vs State Of Punjab on 20 August, 1976"
4,C4_S14.0,30,"R. Pandian And Anothera. Deivendran Son ... vs State Of Tamil Naduthrough The ... on 21 October, 1997",0.00014176,"R. Pandian And Anothera. Deivendran Son ... vs State Of Tamil Naduthrough The ... on 21 October, 1997 | Hiten P. Dalal vs Bratindranath Banerjee on 11 July, 2001 | The State Of Gujarat vs Anirudhsing & Anr on 10 July, 1997 | Romesh Chandra Mehta vs State Of West Bengal on 18 October, 1968 | Raja_Ram_Jaiswal_vs_State_Of_Bihar_on_4_April_1963",3.2,"R. Pandian And Anothera. Deivendran Son ... vs State Of Tamil Naduthrough The ... on 21 October, 1997"
4,C4_S29.0,28,"Satvir Singh And Ors vs State Of Punjab And Anr on 27 September, 2001",2.963e-05,"Satvir Singh And Ors vs State Of Punjab And Anr on 27 September, 2001 | Tarsem Singh vs State Of Punjab | Shyamal Ghosh v. State of West Bengal | Laltu_Ghosh_vs_The_State_Of_West_Bengal_on_19_February_2019 | Major Singh & Anr vs State Of Punjab",1.5,"Satvir Singh And Ors vs State Of Punjab And Anr on 27 September, 2001"
4,C4_S40.0,26,"Siddharam Satlingappa Mhetre vs State Of Maharashtra And Ors on 2 December, 2010",4.76e-06,"Siddharam Satlingappa Mhetre vs State Of Maharashtra And Ors on 2 December, 2010 | Sushila Aggarwal vs State (Nct Of Delhi) | Gujarat_Steel_Tubes_Ltd_vs_Gujarat_Steel_Tubes_Mazdoor_Sabha_on_19_November_1979 | Narendra Champaklal Trivedi vs State Of Gujarat on 29 May, 2012 | Rattiram & Ors vs State Of M.P.Tr.Insp.Of Police",2.0,Gujarat_Steel_Tubes_Ltd_vs_Gujarat_Steel_Tubes_Mazdoor_Sabha_on_19_November_1979
4,C4_S28.0,25,Sidhartha Vashisht @ Manu Sharma vs State (Nct Of Delhi),4.57e-06,"Sidhartha Vashisht @ Manu Sharma vs State (Nct Of Delhi) | Vijay Kumar vs State Of U.P. & Anr on 3 August, 2011 | State Tr.P.S.Lodhi Colony,New Delhi vs Sanjeev Nanda on 3 August, 2012 | Asha Ranjan vs State Of Bihar And Ors | Natasha Singh vs Cbi (State) on 8 May, 2013",2.0,"Saktu And Anr. vs State Of U.P. on 27 October, 1972"
4,C4_S9.0,22,"State Of U.P vs Anil Singh on 26 August, 1988",0.00017366,"State Of U.P vs Anil Singh on 26 August, 1988 | Ambika Prasad And Another vs State (Delhi Administration, Delhi) on 21 January, 2000 | Paras Yadav And Ors vs State Of Bihar on 12 January, 1999 | Sunder_Singh_And_Others_vs_The_State_Of_Punjab_on_19_January_1962 | Gajoo vs State Of Uttarakhand on 13 September, 2012",1.5,"Ambika Prasad And Another vs State (Delhi Administration, Delhi) on 21 January, 2000"
4,C4_S27.0,20,Nishant Aggarwal vs. Kailash Kumar Sharma,4.09e-06,"Nishant Aggarwal vs. Kailash Kumar Sharma | Msr Leathers vs S. Palaniappan And Anr on 26 September, 2012 | C.B.I., A.H.D., Patna vs Braj Bhushan Prasad & Ors on 5 October, 2001 | Subodh S. Salaskar vs Jayprakash M. Shah & Anr | Vikram Singh @ Vicky & Anr vs Union Of India & Ors",1.3,"Abdul Karim vs M. K. Prakash And Ors on 30 January, 1976"
4,C4_S16.0,19,"Abdul Wahab Ansari vs State Of Bihar & Anr on 17 October, 2000",1.161e-05,"Abdul Wahab Ansari vs State Of Bihar & Anr on 17 October, 2000 | Virupaxappa_Veerappa_Kadampur_vs_The_State_Of_Mysore_on_9_November_1962 | Ravulappalli Kondaiah And Ors. vs State Of Andhra Pradesh on 20 November, 1974 | Gauri Shankar Prasad vs.  State of
Bihar  and  Anr. | Balbir Singh vs State Of Punjab on 10 November, 1994",2.0,"Balbir Singh vs State Of Punjab on 10 November, 1994"
4,C4_S34.0,16,"State Of Punjab vs Vk Khanna & Ors on 30 November, 2000",0.00010943,"State Of Punjab vs Vk Khanna & Ors on 30 November, 2000 | S.S.Chheena vs Vijay Kumar Mahajan & Anr on 12 August, 2010 | Gangula Mohan Reddy vs State Of A.P on 5 January, 2010 | M.Mohan vs State Tr.Dy.Supdt.Of Police on 1 March, 2011 | State Of A.P vs Gourishetty Mahesh & Ors on 15 July, 2010",1.8,"State Of Punjab vs Vk Khanna & Ors on 30 November, 2000"
4,C4_S19.0,14,"Gura Singh vs The State Of Rajasthan on 6 December, 2000",4.198e-05,"Gura Singh vs The State Of Rajasthan on 6 December, 2000 | Datar Singh vs The State Of Punjab on 19 December, 1973 | Rabindra Kumar Dey v. State of Orissa | Raghav_Prapanna_Tripathi_vs_The_State_Of_Uttar_Pradesh_on_4_May_1962 | Kansa Behera vs State Of Orissa on 12 April, 1987",1.9,Rabindra Kumar Dey v. State of Orissa
4,C4_S20.0,12,"Kirtikant D. Vadodaria vs State Of Gujarat & Anr on 26 April, 1996",3.973e-05,"Kirtikant D. Vadodaria vs State Of Gujarat & Anr on 26 April, 1996 | Smt. Chand Dhawan vs Jawaharlal Dhawan on 11 June, 1993 | Rajnesh vs Neha | Vinny Parmar vs Paramvir Parmar on 20 July, 2011 | Vimalben_Ajitbhai_Patel_vs_Vatslabeen_Ashokbhai_Patel_And_Others_on_14_March_2008",1.3,"Kirtikant D. Vadodaria vs State Of Gujarat & Anr on 26 April, 1996"
4,C4_S4.0,10,"Raghunath And Ors. vs State Of U.P. And Ors. on 23 January, 1973",6.518e-05,"Raghunath And Ors. vs State Of U.P. And Ors. on 23 January, 1973 | Md.Ibrahim & Ors vs State Of Bihar & Anr on 4 September, 2009 | State Of U.P vs Ranjit Singh on 19 February, 1999 | Daulat Ram vs State Of Punjab on 29 April, 1997 | Babu_Lal_vs_State_Of_Uttar_Pradesh_And_Others_on_18_September_1963",1.5,Babu_Lal_vs_State_Of_Uttar_Pradesh_And_Others_on_18_September_1963
4,C4_S25.0,10,"Smt. Parayankandiyal ... vs K. Devi & Ors on 26 April, 1996",0.0001204,"Smt. Parayankandiyal ... vs K. Devi & Ors on 26 April, 1996 | S.P.S. Balasubramanyam vs Suruttayan on 13 October, 1993 | Madan Mohan Singh & Ors vs Rajni Kant & Anr on 13 August, 2010 | Bharatha Matha & Anr vs R. Vijaya Renganathan & Ors on 17 May, 2010 | S.P.S. Balasubramanyam vs Suruttayan Alias Andali Padayachi And ... on 29 November, 1991",1.9,"Smt. Parayankandiyal ... vs K. Devi & Ors on 26 April, 1996"
4,C4_S21.0,9,S_Gopal_Reddy_vs_State_Of_Andhra_Pradesh_on_11_July_1996,6.06e-05,"S_Gopal_Reddy_vs_State_Of_Andhra_Pradesh_on_11_July_1996 | Kans Raj vs State Of Punjab & Ors on 26 April, 2000 | Bachni Devi & Anr vs State Of Haryana Th. Secy. Home Dep on 8 February, 2011 | Surinder Singh vs State Of Haryana on 13 November, 2013 | Nupur Talwar vs Cbi & Anr on 7 June, 2012",1.9,S_Gopal_Reddy_vs_State_Of_Andhra_Pradesh_on_11_July_1996
4,C4_S1.0,6,Avtar Singh vs Union Of India & Ors,4.28e-06,"Avtar Singh vs Union Of India & Ors | The State Of Madhya Pradesh vs Bhupendra Yadav on 20 September, 2023 | Commissioner Of Police vs Raj Kumar on 25 August, 2021 | The State Of Rajasthan vs Love Kush Meena on 24 March, 2021 | Satish Chandra Yadav vs Union Of India on 26 September, 2022",1.3,Avtar Singh vs Union Of India & Ors
4,C4_S24.0,4,Lachman_Utamchand_Kiriplani_vs_Meena_Alias_Mota_on_14_August_1963,5.775e-05,"Lachman_Utamchand_Kiriplani_vs_Meena_Alias_Mota_on_14_August_1963 | Sivasankaran vs Santhimeenal on 13 September, 2021 | V. Bhagat vs D. Bhagat on 19 November, 1993 | Smt. Roopa Soni vs Kamalnarayan Soni on 6 September, 2023",1.2,Lachman_Utamchand_Kiriplani_vs_Meena_Alias_Mota_on_14_August_1963
4,C4_S30.0,4,"Shambhoo Missir And Another vs State Of Bihar on 24 July, 1990",3.673e-05,"Shambhoo Missir And Another vs State Of Bihar on 24 July, 1990 | K.Ramakrishnan Unnithan vs State Of Kerala on 18 March, 1999 | Shivappa & Ors vs State Of Karnataka | Nagabhushan vs The State Of Karnataka",1.2,"Shambhoo Missir And Another vs State Of Bihar on 24 July, 1990"
4,C4_S37.0,4,Mangat Ram & Anr. v. Sardar Meharban Singh,1.06e-05,"Mangat Ram & Anr. v. Sardar Meharban Singh | D. Satyanarayana vs P. Jagadish on 15 September, 1987 | Subhash Chandra vs Mohammad Sharit And Ors on 19 December, 1989 | Payal Vision Ltd vs Radhika Choudhary on 20 September, 2012",2.2,"D. Satyanarayana vs P. Jagadish on 15 September, 1987"
4,C4_S3.0,3,"Devi Singh vs Municipal Corporation, Hyderabad on 20 July, 1972",4.03e-06,"Devi Singh vs Municipal Corporation, Hyderabad on 20 July, 1972 | Municipal Corporation, Hyderabad vs Sunder Singh | Sirajudheen vs Zeenath on 27 February, 2023",0.7,"Devi Singh vs Municipal Corporation, Hyderabad on 20 July, 1972"
4,C4_S7.0,3,"Jaydayal Poddar (Deceased) Through His ... vs Mst. Bibi Hazra And Ors on 19 October, 1973",2.915e-05,"Jaydayal Poddar (Deceased) Through His ... vs Mst. Bibi Hazra And Ors on 19 October, 1973 | Krishnanand vs The State Of Madhya Pradesh on 17 December, 1976 | Kedari Lal vs State Of Mp",1.3,"Jaydayal Poddar (Deceased) Through His ... vs Mst. Bibi Hazra And Ors on 19 October, 1973"
4,C4_S12.0,3,"State Of Maharashtra vs Manglya Dhavu Kongil on 7 January, 1972",5.46e-06,"State Of Maharashtra vs Manglya Dhavu Kongil on 7 January, 1972 | Chawla And Another vs State Of Haryana on 12 February, 1974 | Natthu_And_Ors_vs_State_Of_Uttar_Pradesh_on_11_August_1977",0.7,"State Of Maharashtra vs Manglya Dhavu Kongil on 7 January, 1972"
4,C4_S6.0,2,"Rana Ayyub vs Directorate Of Enforcement on 7 February, 2023",3.76e-06,"Rana Ayyub vs Directorate Of Enforcement on 7 February, 2023 | Abhishek Banerjee vs Directorate Of Enforcement on 9 September, 2024",0.5,"Rana Ayyub vs Directorate Of Enforcement on 7 February, 2023"
4,C4_S8.0,2,Ashoksinh Jayendrasinh vs The State Of Gujarat,3.78e-06,"Ashoksinh Jayendrasinh vs The State Of Gujarat | Md. Jabbar Ali vs The State Of Assam on 17 October, 2022",0.5,Ashoksinh Jayendrasinh vs The State Of Gujarat
4,C4_S10.0,2,Samittri Devi & Anr vs Sampuran Singh & Anr,3.88e-06,Samittri Devi & Anr vs Sampuran Singh & Anr | Mohd. Asif Naseer vs West Watch Company Through Its ...,0.5,Samittri Devi & Anr vs Sampuran Singh & Anr
4,C4_S11.0,2,"Dandu Lakshmi Reddy vs State Of A.P on 17 August, 1999",7.65e-06,"Dandu Lakshmi Reddy vs State Of A.P on 17 August, 1999 | Raghunandan vs State Of U.P on 10 January, 1974",1.0,"Raghunandan vs State Of U.P on 10 January, 1974"
4,C4_S17.0,2,Upendra Pradhan vs State Of Orissa,3.9e-06,Upendra Pradhan vs State Of Orissa | Girish Singh vs State Of Uttarakhand,0.5,Girish Singh vs State Of Uttarakhand
4,C4_S22.0,2,Malkiat_Singh_Anr_vs_State_Of_Punjab_on_8_November_1968,4.65e-06,"Malkiat_Singh_Anr_vs_State_Of_Punjab_on_8_November_1968 | Nasu Sheikh And Ors. vs The State Of Bihar on 21 March, 1972",0.5,"Nasu Sheikh And Ors. vs The State Of Bihar on 21 March, 1972"
4,C4_S26.0,2,Kirpal_Singh_vs_State_Of_U_P_on_10_May_1963,4.09e-06,Kirpal_Singh_vs_State_Of_U_P_on_10_May_1963 | Dola @ Dolagobinda Pradhan vs The State Of Odisha,0.5,Dola @ Dolagobinda Pradhan vs The State Of Odisha
4,C4_S31.0,2,"Bishwanath Prasad And Others vs Dwarka Prasad (Dead) And Others on 30 October, 1973",3.31e-05,"Bishwanath Prasad And Others vs Dwarka Prasad (Dead) And Others on 30 October, 1973 | Bharat_Singh_And_Anr_vs_Bhagirathi_on_26_August_1965",1.5,"Bishwanath Prasad And Others vs Dwarka Prasad (Dead) And Others on 30 October, 1973"
4,C4_S32.0,2,Jhummamal_Alias_Devandas_vs_State_Of_Madhya_Pradesh_Ors_on_25_August_1988,0.00011381,"Jhummamal_Alias_Devandas_vs_State_Of_Madhya_Pradesh_Ors_on_25_August_1988 | Amresh Tiwari vs Lalta Prasad Dubey & Anr on 11 April, 2000",1.0,Jhummamal_Alias_Devandas_vs_State_Of_Madhya_Pradesh_Ors_on_25_August_1988
4,C4_S35.0,2,Triyambak S. Hegde vs. Sripad,3.8e-06,"Triyambak S. Hegde vs. Sripad | K.S. Ranganatha vs Vittal Setty on 8 December, 2021",0.5,"K.S. Ranganatha vs Vittal Setty on 8 December, 2021"
4,C4_S38.0,2,"B.R. Mulani vs Dr. A.B. Aswathanarayana And Others on 17 September, 1992",3.9e-06,"B.R. Mulani vs Dr. A.B. Aswathanarayana And Others on 17 September, 1992 | Goutam Kundu vs State Of West Bengal And Anr on 14 May, 1993",0.5,"Goutam Kundu vs State Of West Bengal And Anr on 14 May, 1993"
4,C4_S39.0,2,"M.T. Enrica Lexie & Anr vs Doramma & Ors on 2 May, 2012",3.81e-06,"M.T. Enrica Lexie & Anr vs Doramma & Ors on 2 May, 2012 | Teesta Atul Setalvad vs The State Of Gujarat",0.5,Teesta Atul Setalvad vs The State Of Gujarat
4,C4_S41.0,2,"State Of Punjab vs Iqbal Singh And Ors on 10 May, 1991",3.76e-06,"State Of Punjab vs Iqbal Singh And Ors on 10 May, 1991 | Vijay Pal Singh & Ors vs State Of Uttarkhand on 16 December, 2014",0.5,"State Of Punjab vs Iqbal Singh And Ors on 10 May, 1991"
4,C4_S42.0,2,"Pala Singh & Anr vs State Of Punjab on 23 August, 1972",6.6e-06,"Pala Singh & Anr vs State Of Punjab on 23 August, 1972 | State_Of_U_P_vs_Gokaran_And_Ors_on_28_September_1984",0.5,"Pala Singh & Anr vs State Of Punjab on 23 August, 1972"
4,C4_S43.0,2,Jagbir Singh vs State (Nct Of Delhi),3.9e-06,"Jagbir Singh vs State (Nct Of Delhi) | Rajaram vs The State Of Madhya Pradesh on 16 December, 2022",0.5,Jagbir Singh vs State (Nct Of Delhi)
4,C4_S44.0,2,"Y. Narasimha Rao And Ors vs Y. Venkata Lakshmi And Anr on 9 July, 1991",4e-06,"Y. Narasimha Rao And Ors vs Y. Venkata Lakshmi And Anr on 9 July, 1991 | Dinesh Singh Thakur vs Sonal Thakur",0.5,"Y. Narasimha Rao And Ors vs Y. Venkata Lakshmi And Anr on 9 July, 1991"
4,C4_S45.0,2,Sadhu Saran Singh vs State Of U.P. & Ors,3.87e-06,Sadhu Saran Singh vs State Of U.P. & Ors | Basheera Begam vs Mohammed Ibrahim And Ors,0.5,Sadhu Saran Singh vs State Of U.P. & Ors
4,C4_S46.0,2,"Makhan Singh vs State Of Punjab on 27 July, 1988",4.16e-06,"Makhan Singh vs State Of Punjab on 27 July, 1988 | State Of Punjab vs Gurdeep Singh on 8 September, 1999",0.5,"Makhan Singh vs State Of Punjab on 27 July, 1988"
5,C5_S11.0,47,"Balwant Narayan Bhagde vs M. D. Bhagwat & Ors on 23 April, 1975",0.00015537,"Balwant Narayan Bhagde vs M. D. Bhagwat & Ors on 23 April, 1975 | M/S Larsen & Toubro Ltd vs State Of Gujarat & Ors on 18 March, 1998 | Shreenath & Another vs Rajesh & Others on 13 April, 1998 | Mathura Prasad Bajoo Jaiswal & Ors vs Dossibai N. B. Jeejeebhoy on 26 February, 1970 | Dwarka Prasad vs Dwarka Das Saraf on 11 August, 1975",4.3,"M/S Larsen & Toubro Ltd vs State Of Gujarat & Ors on 18 March, 1998"
5,C5_S6.0,36,"Babua Ram And Ors vs State Of U.P. And Anr on 4 October, 1994",0.00010592,"Babua Ram And Ors vs State Of U.P. And Anr on 4 October, 1994 | Administrator General Of West Bengal vs Collector, Varanasi on 16 February, 1988 | Raghubans_Narain_Singh_vs_The_Uttar_Pradesh_Government_Through_on_23_September_1966 | Suresh Kumar vs Town Improvement Trust, Bhopal on 3 March, 1989 | Smt. Basavva & Ors. Etc vs The Spl. Land Acquisition Officer & Ors on 15 March, 1996",2.1,"Babua Ram And Ors vs State Of U.P. And Anr on 4 October, 1994"
5,C5_S3.0,30,Hindustan Petroleum Corpn. Ltd vs Darius Shapur Chenai & Ors,0.00062949,"Hindustan Petroleum Corpn. Ltd vs Darius Shapur Chenai & Ors | Jage Ram And Ors vs State Of Haryana And Ors on 2 March, 1971 | Khub_Chand_And_Ors_vs_State_Of_Rajasthan_Ors_on_22_August_1966 | Om Prakash & Anr vs State Of U.P. & Ors on 15 July, 1998 | The State Of Uttar Pradesh & Anr vs Keshav Prasad Singh on 25 July, 1995",11.9,Savitri Devi vs State Of U.P.& Ors
5,C5_S18.0,30,Sardar_Govindrao_Mahadik_Anr_vs_Devi_Sahai_Ors_on_15_December_1981,0.00018402,"Sardar_Govindrao_Mahadik_Anr_vs_Devi_Sahai_Ors_on_15_December_1981 | Mahadeo Savlaram Shelke And Ors. vs Puna Municipal Corporation And Anr. on 24 January, 1995 | Zafar_Khan_And_Ors_vs_Board_Of_Revenue_U_P_Ors_on_31_July_1984 | Banwari Lal vs Smt. Chando Devi (Through L.R.) And ... on 11 December, 1992 | Most. Rev. P.M.A. Metropolitan & Ors vs Moran Mar Marthoma & Anr on 20 June, 1995",3.0,Binayak_Swain_vs_Ramesh_Chandra_Panigrahi_And_Another_on_10_December_1965
5,C5_S33.0,26,"Shiv Kumar Chadha Etc. Etc vs Municipal Corporation Of Delhi And Ors on 4 May, 1993",7.464e-05,"Shiv Kumar Chadha Etc. Etc vs Municipal Corporation Of Delhi And Ors on 4 May, 1993 | State Of Maharashtra vs Digambar on 12 May, 1995 | Thakore Sobhag Singh vs Thakur Jai Singh & Ors on 31 January, 1968 | Custodian_Of_Evacuee_Property_Punjab_vs_Jafran_Begum_on_20_April_1967 | Ramchandra Keshav Adke & Ors vs Govind Joti Chavare And Ors on 4 March, 1975",2.4,"Shiv Kumar Chadha Etc. Etc vs Municipal Corporation Of Delhi And Ors on 4 May, 1993"
5,C5_S2.0,24,State_Of_Madhya_Pradesh_And_Ors_vs_Vishnu_Prasad_Sharma_And_Ors_on_9_February_1966,0.0001117,"State_Of_Madhya_Pradesh_And_Ors_vs_Vishnu_Prasad_Sharma_And_Ors_on_9_February_1966 | Murari_Ors_vs_Union_Of_India_Ors_on_1_November_1996 | Ram Chand And Ors. vs Union Of India (Uoi) And Ors. on 30 September, 1993 | State Of Gujarat vs Patel Raghav Natha & Ors on 21 April, 1969 | Shri_Mithoo_Shahani_And_Ors_vs_Union_Of_India_And_Ors_on_10_March_1964",2.9,Murari_Ors_vs_Union_Of_India_Ors_on_1_November_1996
5,C5_S19.0,23,"Union Of India & Ors vs Dhanwanti Devi & Ors on 21 August, 1996",0.00040129,"Union Of India & Ors vs Dhanwanti Devi & Ors on 21 August, 1996 | Bangalore Medical Trust vs B.S. Muddappa And Ors on 19 July, 1991 | Union Of India (Uoi) vs Hari Krishan Khosla (Dead) By Lrs. on 16 September, 1992 | Prakash_Amichand_Shah_vs_State_Of_Gujarat_Ors_on_20_December_1985 | Municipal Corporation Of Greater ... vs Dr. Hakimwadi Tenants Association & Ors on 24 November, 1987",3.7,"Nagpur Improvement Trust And Another vs Vithal Rao And Others on 11 December, 1972"
5,C5_S32.0,23,Devinder Singh & Others vs State Of Punjab & Others,0.0002609,"Devinder Singh & Others vs State Of Punjab & Others | The_Collector_Distt_Magistrate_vs_Raja_Ram_Jaiswal_Etc_on_29_April_1985 | Smt_Somavanti_And_Others_vs_The_State_Of_Punjab_And_Others_And_on_2_May_1962 | Srinivasa Coop. House Building Society ... vs Madam G.Sastry on 3 May, 1994 | Ajay Krishan Shinghal Etc. Etc vs Union Of India & Ors on 6 August, 1996",8.1,"West Bengal Housing Board Etc vs Brijendra Prasad Gupta & Ors. Etc on 9 July, 1997"
5,C5_S20.0,22,Patna_Improvement_Trust_vs_Smt_Lakshmi_Devi_Others_on_7_December_1962,5.971e-05,"Patna_Improvement_Trust_vs_Smt_Lakshmi_Devi_Others_on_7_December_1962 | Gandhi Grah Nirman Sahkari Samiti Ltd. ... vs State Of Rajasthan And Ors on 30 March, 1993 | Gauri_Shankar_Gaur_And_Others_Etc_vs_State_Of_U_P_And_Others_on_12_August_1993 | Pratap And Anr vs The State Of Rajasthanand Ors on 27 February, 1996 | M_S_Girnar_Traders_vs_State_Of_Maharashtra_Ors_on_11_January_2011",2.8,Bondu Ramaswamy v. Bangalore Development Authority and Others
5,C5_S1.0,17,Raza_Buland_Sugar_Co_Ltd_vs_Municlpal_Board_Rampur_on_30_October_1964,0.0001064,"Raza_Buland_Sugar_Co_Ltd_vs_Municlpal_Board_Rampur_on_30_October_1964 | State Of Haryana vs Raghubir Dayal on 10 November, 1994 | Dr_G_H_Grant_vs_State_Of_Bihar_on_30_March_1965 | Manchegowda_Etc_vs_State_Of_Karnataka_Etc_on_17_April_1984 | State Of Tamil Nadu & Anr. Etc vs Mahalakshmi Ammal & Ors. Etc on 16 November, 1995",2.6,Raza_Buland_Sugar_Co_Ltd_vs_Municlpal_Board_Rampur_on_30_October_1964
5,C5_S7.0,16,"Union Of India And Ors vs Filip Tiago De Gama Of Vedem Vasco De Gama on 30 November, 1989",0.00022695,"Union Of India And Ors vs Filip Tiago De Gama Of Vedem Vasco De Gama on 30 November, 1989 | Gursharan Singh & Ors. Etc. Etc vs New Delhi Municipal Committee & Ors on 2 February, 1996 | Union of India v. Raghubir Singh | State Of Bihar & Ors vs Kameshwar Prasad Singh & Anr on 27 April, 2000 | Union Of India And Another Etc. Etc vs Zora Singh Etc. Etc on 22 November, 1991",4.9,Union of India v. Raghubir Singh
5,C5_S14.0,16,"S.P. Chengalvaraya Naidu (Dead) By ... vs Jagannath (Dead) By L.Rs. And Others on 27 October, 1993",0.00023123,"S.P. Chengalvaraya Naidu (Dead) By ... vs Jagannath (Dead) By L.Rs. And Others on 27 October, 1993 | Patel Narshi Thakershi And Ors. vs Shri Pradyumansinghji Arjunsinghji on 2 March, 1970 | Ramjas Foundation & Ors vs Union Of India & Ors on 9 November, 2010 | Dalip Singh vs State Of U.P. & Ors | S.P Chengalvaraya Naidu vs Jagannath on 27 October, 1993",3.1,Dalip Singh vs State Of U.P. & Ors
5,C5_S21.0,15,"Delhi Administration vs Gurdip Singh Uban And Ors. Etc on 18 August, 2000",0.00011394,"Delhi Administration vs Gurdip Singh Uban And Ors. Etc on 18 August, 2000 | Shyam Nandan Prasad And Ors. vs State Of Bihar And Ors. on 13 August, 1993 | Delhi Administration vs Gurdip Singh Uban And Ors on 20 August, 1999 | Rai_Bahadur_Ganga_Bishnu_Swaika_Ors_vs_Calcutta_Pinjrapole_Society_Ors_on_30_October_1967 | Govt. Of Nct Of Delhi vs Manav Dharam Trust & Anr",2.1,"Delhi Administration vs Gurdip Singh Uban And Ors. Etc on 18 August, 2000"
5,C5_S27.0,15,"Kunhayammed & Ors vs State Of Kerala & Anr on 19 July, 2000",0.00024837,"Kunhayammed & Ors vs State Of Kerala & Anr on 19 July, 2000 | Karam_Singh_Sobti_Anr_vs_Shri_Pratap_Chand_Anr_on_29_August_1963 | Abbai Maligai Partnership Firm And Anr vs K. Santhakumaran And Ors on 9 September, 1998 | Penu_Balakrishna_Iyer_And_Ors_vs_Sri_Ariya_M_Ramaswami_Iyer_And_Ors_on_6_March_1964 | The Sree Narayana Dharma-Sangam Trust vs Swami Prakasananda & Ors on 9 April, 1997",4.1,"Kunhayammed & Ors vs State Of Kerala & Anr on 19 July, 2000"
5,C5_S30.0,14,"Union Of India vs Sher Singh And Ors on 28 January, 1993",3.355e-05,"Union Of India vs Sher Singh And Ors on 28 January, 1993 | U_P_Awas_Evam_Vikas_Parishad_vs_Gyan_Devi_Dead_By_L_Rs_And_Ors_on_20_October_1994 | Himalayan_Tiles_Marbles_P_Ltd_vs_Francis_Victor_Coutinho_Dead_By_Lrs_on_28_March_1980 | Poonam_vs_State_Of_U_P_Ors_on_29_October_2015 | Sunder_Lal_vs_Paramsukhdas_on_25_August_1967",2.4,U_P_Awas_Evam_Vikas_Parishad_vs_Gyan_Devi_Dead_By_L_Rs_And_Ors_on_20_October_1994
5,C5_S12.0,13,"Shri Chandragauda Ramgonda Patil & Anr vs The State Of Maharashtra & Ors on 2 September, 1996",7.661e-05,"Shri Chandragauda Ramgonda Patil & Anr vs The State Of Maharashtra & Ors on 2 September, 1996 | Forward_Construction_Co_Ors_Etc_Etc_vs_Prabhat_Mandal_Regd_Andheri_Ors_on_26_November_1985 | Her Highness Maharani Shantidevi P. ... vs Savjibhai Haribhai Patel & Ors on 21 March, 2001 | Smt. Atia Mohammadi Begum vs State Of U.P. And Ors on 15 March, 1993 | Sulochana Chandrakant Galande vs Pune Municipal Transport & Ors",3.5,"Her Highness Maharani Shantidevi P. ... vs Savjibhai Haribhai Patel & Ors on 21 March, 2001"
5,C5_S4.0,11,Gulabchand_Chhotalal_Parikh_vs_State_Of_Bombay_Now_Gujarat_on_14_December_1964,8.094e-05,"Gulabchand_Chhotalal_Parikh_vs_State_Of_Bombay_Now_Gujarat_on_14_December_1964 | Rajendra Kumar vs Kalyan (D) By Lrs on 2 August, 2000 | Kamala_Ors_vs_K_T_Eshwara_Sa_Ors_on_29_April_2008 | Srihari Hanumandas Totala vs Hemant Vithal Kamat | Union Of India vs Nanak Singh on 31 January, 1968",2.5,Gulabchand_Chhotalal_Parikh_vs_State_Of_Bombay_Now_Gujarat_on_14_December_1964
5,C5_S9.0,3,"M.C. Mehta vs Union Of India And Ors on 27 July, 1999",0.00010896,"M.C. Mehta vs Union Of India And Ors on 27 July, 1999 | State Bank Of Patiala & Ors vs S.K.Sharma on 27 March, 1996 | Krishnadatt Awasthy vs State Of M.P..",5.3,"State Bank Of Patiala & Ors vs S.K.Sharma on 27 March, 1996"
5,C5_S0.0,2,"Sant Narain Mathur & Ors vs Rama Krishna Mission & Ors on 27 September, 1974",4.65e-06,"Sant Narain Mathur & Ors vs Rama Krishna Mission & Ors on 27 September, 1974 | Bechan Pandey & Ors vs Dulhin Janki Devi & Others on 9 March, 1976",0.5,"Sant Narain Mathur & Ors vs Rama Krishna Mission & Ors on 27 September, 1974"
5,C5_S5.0,2,Rajabhai_Abdul_Rehman_Munshi_vs_Vasudev_Dhanjlbhai_Mody_on_1_May_1963,4.56e-06,"Rajabhai_Abdul_Rehman_Munshi_vs_Vasudev_Dhanjlbhai_Mody_on_1_May_1963 | The Punjab National Bank vs Union Of India (Uoi) And Anr. on 27 February, 1974",1.5,Rajabhai_Abdul_Rehman_Munshi_vs_Vasudev_Dhanjlbhai_Mody_on_1_May_1963
5,C5_S8.0,2,K_J_Nathan_vs_S_V_Maruty_Reddy_And_Others_on_11_February_1964,3.84e-06,"K_J_Nathan_vs_S_V_Maruty_Reddy_And_Others_on_11_February_1964 | A.B. Govardhan vs P. Ragothaman on 29 August, 2024",1.0,K_J_Nathan_vs_S_V_Maruty_Reddy_And_Others_on_11_February_1964
5,C5_S10.0,2,State_Of_Andhra_Pradesh_vs_Duvvuru_Balarami_Reddy_on_2_April_1962,4.17e-06,"State_Of_Andhra_Pradesh_vs_Duvvuru_Balarami_Reddy_on_2_April_1962 | State Of Mysore vs Swamy Satyanand Saraswati, ... on 31 March, 1971",1.0,State_Of_Andhra_Pradesh_vs_Duvvuru_Balarami_Reddy_on_2_April_1962
5,C5_S13.0,2,"Om Prakash And Ors. vs Union Of India (Uoi) And Ors. on 2 December, 1970",3.89e-06,"Om Prakash And Ors. vs Union Of India (Uoi) And Ors. on 2 December, 1970 | Estates Development Ltd vs Union Of India & Ors on 22 September, 1969",1.5,"Estates Development Ltd vs Union Of India & Ors on 22 September, 1969"
5,C5_S15.0,2,Mohanlal_Chunilal_Kothari_vs_Tribhovan_Haribhai_Tamboli_on_2_May_1962,6.6e-06,Mohanlal_Chunilal_Kothari_vs_Tribhovan_Haribhai_Tamboli_on_2_May_1962 | Navinchandra_Ramanlal_vs_Kalidas_Bhudarbhai_And_Anr_on_21_February_1979,0.5,Mohanlal_Chunilal_Kothari_vs_Tribhovan_Haribhai_Tamboli_on_2_May_1962
5,C5_S16.0,2,"Union Of India & Ors vs Vasavi Co-Op. Housing Society Ltd. & Ors on 7 January, 2014",4.52e-06,"Union Of India & Ors vs Vasavi Co-Op. Housing Society Ltd. & Ors on 7 January, 2014 | Corporation Of The City Of Bangalore vs M. Papaiah And Anr. on 1 August, 1989",2.0,"Union Of India & Ors vs Vasavi Co-Op. Housing Society Ltd. & Ors on 7 January, 2014"
5,C5_S17.0,2,"Office Of The Chief Post Master & Ors vs Living Media India Ltd.& Anr on 24 February, 2012",5.15e-06,"Office Of The Chief Post Master & Ors vs Living Media India Ltd.& Anr on 24 February, 2012 | The State Of Madhya Pradesh vs Bherulal",1.5,"Office Of The Chief Post Master & Ors vs Living Media India Ltd.& Anr on 24 February, 2012"
5,C5_S22.0,2,"Ratan Kumar Tandon & Ors vs State Of Uttar Pradesh on 1 August, 1996",6.325e-05,"Ratan Kumar Tandon & Ors vs State Of Uttar Pradesh on 1 August, 1996 | State_Of_Gujarat_And_Ors_Etc_vs_Parshottamdas_Ramdas_Patel_Ors_on_12_November_1987",2.0,State_Of_Gujarat_And_Ors_Etc_vs_Parshottamdas_Ramdas_Patel_Ors_on_12_November_1987
5,C5_S23.0,2,"State Of Gujarat Etc.Etc vs Daya Shamji Bhai Etc.Etc on 25 August, 1995",0.00013667,"State Of Gujarat Etc.Etc vs Daya Shamji Bhai Etc.Etc on 25 August, 1995 | Ranveer Singh vs State Of U.P. Through Secy. & Ors",1.0,"State Of Gujarat Etc.Etc vs Daya Shamji Bhai Etc.Etc on 25 August, 1995"
5,C5_S24.0,2,Union_Of_India_Uoi_And_Ors_vs_Valluri_Basavaiah_Chowdhary_And_Ors_on_1_May_1979,3.72e-06,Union_Of_India_Uoi_And_Ors_vs_Valluri_Basavaiah_Chowdhary_And_Ors_on_1_May_1979 | State_Of_Gujarat_Anr_vs_Manoharsinhji_Pradyumansinhji_Jadeja_on_4_December_2012,1.0,Union_Of_India_Uoi_And_Ors_vs_Valluri_Basavaiah_Chowdhary_And_Ors_on_1_May_1979
5,C5_S25.0,2,Ramesh Chandra Sankla Etc vs Vikram Cement Etc,4.09e-06,Ramesh Chandra Sankla Etc vs Vikram Cement Etc | H.P. Financial Corp vs Anil Garg & Ors,1.0,Ramesh Chandra Sankla Etc vs Vikram Cement Etc
5,C5_S26.0,2,State_Of_Bombay_Maharashtra_vs_Shivbalak_Gourishanker_Dube_Others_on_31_August_1964,3.75e-06,State_Of_Bombay_Maharashtra_vs_Shivbalak_Gourishanker_Dube_Others_on_31_August_1964 | The Inspector General Of Registration vs K. Baskaran,1.0,State_Of_Bombay_Maharashtra_vs_Shivbalak_Gourishanker_Dube_Others_on_31_August_1964
5,C5_S28.0,2,"Mohan Pandey And Another vs Smt. Usha Rani Rajgaria And Ors on 19 August, 1992",4.73e-06,"Mohan Pandey And Another vs Smt. Usha Rani Rajgaria And Ors on 19 August, 1992 | Roshina T vs Abdul Azeez K.T.",1.0,"Mohan Pandey And Another vs Smt. Usha Rani Rajgaria And Ors on 19 August, 1992"
5,C5_S29.0,2,Lachhman_Dass_Others_vs_Municipal_Committee_Jalalabad_on_12_February_1968,6.62e-06,Lachhman_Dass_Others_vs_Municipal_Committee_Jalalabad_on_12_February_1968 | Abu_Khan_And_Ors_vs_Union_Of_India_Uoi_And_Anr_on_30_September_1983,1.0,Lachhman_Dass_Others_vs_Municipal_Committee_Jalalabad_on_12_February_1968
5,C5_S31.0,2,Narayana_Prabhu_Venkateswara_Prabhu_vs_Narayan_Prabhu_Krishna_Prabhu_Ors_on_19_January_1977,3.99e-06,Narayana_Prabhu_Venkateswara_Prabhu_vs_Narayan_Prabhu_Krishna_Prabhu_Ors_on_19_January_1977 | M/S Kaushik Coop.Building Society vs N.Parvathamma & Ors,1.0,Narayana_Prabhu_Venkateswara_Prabhu_vs_Narayan_Prabhu_Krishna_Prabhu_Ors_on_19_January_1977
8,C8_S30.0,20,"Ashoka Marketing Ltd. And Anr. Etc. Etc vs Punjab National Bank And Ors. Etc. Etc on 7 August, 1990",6.285e-05,"Ashoka Marketing Ltd. And Anr. Etc. Etc vs Punjab National Bank And Ors. Etc. Etc on 7 August, 1990 | Sarwan_Singh_Anr_vs_Kasturi_Lal_on_14_December_1976 | Jain_Ink_Manufacturing_Company_vs_Life_Insurance_Corporation_Of_India_on_22_August_1980 | B_N_Mutto_Anr_vs_T_K_Nandi_on_29_November_1978 | Busching_Schmitz_Private_Ltd_vs_P_T_Menghani_And_Anr_on_17_March_1977",2.7,"Indu Bhusan Bose vs Rama Sundari Devi & Anr on 29 April, 1969"
8,C8_S6.0,17,"Nagindas Ramdas vs Dalpatram Ichharam @ Brijram And Ors on 30 November, 1973",0.00010152,"Nagindas Ramdas vs Dalpatram Ichharam @ Brijram And Ors on 30 November, 1973 | Sushil Kumar Metha vs Gobind Ram Bohra on 10 November, 1989 | Bahadur_Singh_Anr_vs_Muni_Subrat_Dass_Anr_on_16_October_1968 | K. K. Chari vs R. M. Seshadri on 16 March, 1973 | Phool_Chand_Sharma_And_Others_vs_Chandra_Shanker_Pathakand_Others_on_7_December_1962",3.3,"State Of Punjab (Now Haryana) And, Ors vs Amar Singh And Another on 21 January, 1974"
8,C8_S3.0,14,Associated_Hotels_Of_India_Ltd_Delhi_vs_S_B_Sardar_Ranjit_Singh_on_7_December_1967,8.046e-05,"Associated_Hotels_Of_India_Ltd_Delhi_vs_S_B_Sardar_Ranjit_Singh_on_7_December_1967 | Shalimar Tar Products Ltd vs H.C. Sharma & Ors on 12 November, 1987 | Kala And Another vs Madho Parshad Vaidya on 27 August, 1998 | M/S Bharat Sales Ltd vs Life Insurance Corporation Of India on 5 February, 1998 | Pulin Behari Lal vs Mahadeb Dutte And Ors on 3 February, 1993",2.2,B_M_Lall_Dead_By_L_Rs_vs_Dunlop_Rubber_Co_Ltd_Ors_on_18_July_1967
8,C8_S5.0,13,Ganpat_Ladha_vs_Sashikant_Vishnu_Shinde_on_21_February_1978,3.665e-05,"Ganpat_Ladha_vs_Sashikant_Vishnu_Shinde_on_21_February_1978 | Vora_Abbasbhai_Alimahomed_vs_Haji_Gulamnabi_Haji_Safibhai_on_22_October_1963 | Shah Dhansukhlal Chhaganlal vs Dalichand Virchand Shroff And Others on 1 March, 1968 | O_P_Kathpalia_vs_Lakhmir_Singh_Dead_And_Ors_on_23_July_1984 | Chandavarkar_Sita_Ratna_Rao_vs_Ashalata_S_Guram_on_25_September_1986",3.0,Chandavarkar_Sita_Ratna_Rao_vs_Ashalata_S_Guram_on_25_September_1986
8,C8_S17.0,12,Anand_Nivas_Private_Ltd_vs_Anandji_Kalyanji_Pedhi_Ors_on_5_September_1963,2.364e-05,"Anand_Nivas_Private_Ltd_vs_Anandji_Kalyanji_Pedhi_Ors_on_5_September_1963 | Damadilal And Others vs Parashram And Others on 7 May, 1976 | Hiralal_Vallabhram_vs_Kastorbhai_Lalbhai_Ors_on_31_March_1967 | Bhoolchand_And_Anr_vs_Kay_Pee_Cee_Investments_And_Anr_on_10_October_1990 | Mahabir_Prasad_Verma_vs_Dr_Surinder_Kaur_on_7_April_1982",2.0,"Damadilal And Others vs Parashram And Others on 7 May, 1976"
8,C8_S2.0,10,Harbilas_Rai_Bansal_vs_The_State_Of_Punjab_Anr_on_5_December_1995,4.418e-05,"Harbilas_Rai_Bansal_vs_The_State_Of_Punjab_Anr_on_5_December_1995 | Smt_Gian_Devi_Anand_vs_Jeeevan_Kumar_And_Others_on_1_May_1985 | Malpe Vishwanath Acharya & Ors vs State Of Maharashtra & Anr on 19 December, 1997 | Prabhakaran_Nair_Etc_vs_State_Of_Tamil_Nadu_And_Ors_on_3_September_1987 | C.N. Rudramurthy vs K. Barkathulla Khan & Others on 8 October, 1998",3.5,Prabhakaran_Nair_Etc_vs_State_Of_Tamil_Nadu_And_Ors_on_3_September_1987
8,C8_S10.0,10,Pandurang_Ramchandra_Mandlik_Since_vs_Smt_Shantabai_Ramchandra_Ghatge_And_on_12_September_1989,2.649e-05,Pandurang_Ramchandra_Mandlik_Since_vs_Smt_Shantabai_Ramchandra_Ghatge_And_on_12_September_1989 | Bhimaji_Shanker_Kulkarni_vs_Dundappa_Vithappa_Udapudi_And_Anr_on_5_May_1965 | Mussamiya_Imam_Halder_Bax_Razvi_vs_Rabari_Govindhai_Ratnabhai_Ors_on_21_August_1968 | Noor_Mohd_Khan_Ghouse_Khan_Soudagar_And_vs_Fakirappa_Bharmappa_Machenahalli_And_on_28_April_1978 | Ishverlal_Thakorelal_Almaula_vs_Motibhai_Nagjibhai_on_10_August_1965,2.4,"Suresh Chand vs Gulam Chisti on 31 January, 1990"
8,C8_S13.0,10,Municipal_Corporation_Of_Greater_vs_Kamla_Mills_Ltd_on_11_July_2003,0.00022201,"Municipal_Corporation_Of_Greater_vs_Kamla_Mills_Ltd_on_11_July_2003 | Asstt. Gen. Manager Central Bank Of ... vs Commissioner Municipal Corporation ... on 9 May, 1995 | Dewan_Daulat_Rai_Kapoor_Etc_Etc_vs_New_Delhi_Municipal_Committee_Another_on_20_December_1979 | M.M. Chawla vs J.S. Sethi on 15 September, 1969 | East India Commercial Co. Pvt.Ltd., ... vs Corporation Of Calcutta on 30 March, 1998",9.9,Dewan_Daulat_Rai_Kapoor_Etc_Etc_vs_New_Delhi_Municipal_Committee_Another_on_20_December_1979
8,C8_S23.0,10,"Delta International Ltd vs Shyam Sunder Ganeriwalla And Anr on 9 April, 1999",6.18e-05,"Delta International Ltd vs Shyam Sunder Ganeriwalla And Anr on 9 April, 1999 | Konchada_Ramamurthy_Subudhi_Anr_vs_Gopinath_Naik_on_7_December_1967 | Mrs_M_N_Clubwala_And_Anr_vs_Fida_Hussain_Saheb_And_Ors_on_3_February_1964 | State_Of_Punjab_Another_vs_British_India_Corporation_Ltd_on_15_February_1963 | Capt. B.V.D Souza vs Antonio Fausto Fernandes on 1 August, 1989",2.5,"Delta International Ltd vs Shyam Sunder Ganeriwalla And Anr on 9 April, 1999"
8,C8_S0.0,9,Prabhu_vs_Ramdev_Ors_on_28_February_1966,6.69e-06,"Prabhu_vs_Ramdev_Ors_on_28_February_1966 | All India Film Corporation Ltd. & Ors vs Shri Raja Gyan Nath And Ors on 26 September, 1969 | Jadavji Purshottam vs Dhami Navnitbhai Amaratlal & Ors on 9 September, 1987 | G. Ponniah Thevar vs Nellayam Perumal Pillai And Others on 15 December, 1976 | Pomal Kanji Govindji & Ors vs Vrajlal Karsandas Purohit & Ors on 4 November, 1988",1.6,Prabhu_vs_Ramdev_Ors_on_28_February_1966
8,C8_S1.0,8,Mranalini_B_Shah_And_Anr_vs_Bapalal_Mohanlal_Shah_on_1_May_1978,4.07e-06,"Mranalini_B_Shah_And_Anr_vs_Bapalal_Mohanlal_Shah_on_1_May_1978 | Firm Of Harbanslal Jagmohandas & Anr vs Prabhudas Shivlal on 16 April, 1971 | Mohan_Laxman_Hede_vs_Noormohamed_Adam_Shaikh_on_7_April_1988 | Arjun Khiamal Makhijani Etc vs Jamnadas C. Tuliani & Ors. Etc on 5 October, 1989 | Bombay Municipal Corporation vs Life Insurance Corporation Of India, ... on 21 April, 1970",1.0,"Bombay Municipal Corporation vs Life Insurance Corporation Of India, ... on 21 April, 1970"
8,C8_S12.0,7,Hindustan_Petroleum_Corporation_Ltd_vs_Shyam_Co_Operative_Housing_Society_Ors_on_19_September_1988,2.884e-05,"Hindustan_Petroleum_Corporation_Ltd_vs_Shyam_Co_Operative_Housing_Society_Ors_on_19_September_1988 | Sanwarmal_Kejriwal_vs_Vishwa_Cooperative_Housing_Society_on_8_March_1990 | Sabharwal Brothers & Another vs Smt. Guna Amrit Thandani Of Bombay on 29 March, 1972 | O_N_Bhatnagar_vs_Smt_Rukibai_Narsindas_Ors_on_21_April_1982 | Ramesh Himmatlal Shah vs Harsukh Jadhavji Joshi on 25 April, 1975",2.6,Sanwarmal_Kejriwal_vs_Vishwa_Cooperative_Housing_Society_on_8_March_1990
8,C8_S8.0,5,"Rattan Lal vs Vardesh Chander & Ors on 9 December, 1975",6.96e-06,"Rattan Lal vs Vardesh Chander & Ors on 9 December, 1975 | Pradesh_Kumar_Bajpai_vs_Binod_Behari_Sarkar_on_21_March_1980 | Vannattankandy_Ibrayi_vs_Kunhabdulla_Hajee_on_13_December_2000 | Prithvichand_Ramchand_Sablok_vs_S_Y_Shinde_on_13_May_1993 | M/S Shaha Ratansi Khimji & Sons vs Proposed Kumbhar Sons Hotel P.Ltd.& Ors",1.2,"Rattan Lal vs Vardesh Chander & Ors on 9 December, 1975"
8,C8_S18.0,4,Pal_Singh_vs_Sunder_Singh_Dead_By_Lrs_Ors_on_10_January_1989,4.86e-06,"Pal_Singh_vs_Sunder_Singh_Dead_By_Lrs_Ors_on_10_January_1989 | Vinod Kumar Arora vs Smt. Surjit Kaur on 17 July, 1987 | Laxmishankar Harishankar Bhatt vs Yashram Vasta (Dead) By L.Rs. on 26 February, 1993 | Miss Kanta Udharam Jagasia vs Shri C.K.S.Rao on 2 December, 1997",1.5,Pal_Singh_vs_Sunder_Singh_Dead_By_Lrs_Ors_on_10_January_1989
8,C8_S25.0,4,"Shyam Kishore And Others vs Municipal Corporation Of Delhi And ... on 3 September, 1992",9.122e-05,"Shyam Kishore And Others vs Municipal Corporation Of Delhi And ... on 3 September, 1992 | Anant Mills Co. Ltd vs State Of Gujarat & Ors on 21 January, 1975 | Income_Tax_Officer_vs_M_K_Mohammed_Kunhi_on_11_September_1968 | The Gujarat Agro Industries Co. Ltd vs Municipal Corporation Of City Of ... on 26 April, 1999",7.8,"Anant Mills Co. Ltd vs State Of Gujarat & Ors on 21 January, 1975"
8,C8_S26.0,4,"S. Thangappan vs P. Padmavathy on 24 August, 1999",8.182e-05,"S. Thangappan vs P. Padmavathy on 24 August, 1999 | Life Insurance Corporation Of India vs India Automobiles And Co. And Ors on 1 August, 1990 | Tribhuvanshankar vs Amrutlal | Om Prakash And Anr vs Mishri Lal (Dead) Rep. By His Lr. Savitri ...",1.0,"S. Thangappan vs P. Padmavathy on 24 August, 1999"
8,C8_S11.0,3,General_Radio_Appliances_Co_Ltd_Ors_vs_M_A_Khader_Dead_By_Lrs_on_17_April_1986,4.949e-05,General_Radio_Appliances_Co_Ltd_Ors_vs_M_A_Khader_Dead_By_Lrs_on_17_April_1986 | Suraj_Ratan_Thirani_Ors_vs_The_Azamabad_Tea_Co_Ors_on_13_January_1964 | Parasram_Harnand_Rao_vs_Shanti_Prasad_Narinder_Kumar_Jain_Anr_on_10_April_1980,2.0,Parasram_Harnand_Rao_vs_Shanti_Prasad_Narinder_Kumar_Jain_Anr_on_10_April_1980
8,C8_S14.0,3,"Mohan Lal vs Jai Bhagwan on 23 March, 1988",1.457e-05,"Mohan Lal vs Jai Bhagwan on 23 March, 1988 | Gurdial Batra vs Raj Kumar Jain on 18 July, 1989 | M. Arul Jothi & Anr. vs Lajja Bal (Deceased) & Anr. on 29 February, 2000",1.7,"Mohan Lal vs Jai Bhagwan on 23 March, 1988"
8,C8_S20.0,3,Union_Of_India_vs_City_Municipal_Council_Bellary_on_8_September_1978,3.8e-06,Union_Of_India_vs_City_Municipal_Council_Bellary_on_8_September_1978 | Lucknow_Nagar_Nigam_vs_Kohli_Brothers_Colour_Lab_Pvt_Ltd_on_22_February_2024 | Food_Corporation_Of_India_vs_Brihanmumbai_Mahanagar_Palika_on_19_March_2020,0.7,Union_Of_India_vs_City_Municipal_Council_Bellary_on_8_September_1978
8,C8_S24.0,3,"Laxmikant Revchand Bhojwani And Anr vs Pratapsing. Mohansingh Pardeshi ... on 18 September, 1995",1.45e-05,"Laxmikant Revchand Bhojwani And Anr vs Pratapsing. Mohansingh Pardeshi ... on 18 September, 1995 | Nibaran_Chandra_Bag_Etc_vs_Mahendra_Nath_Ghughu_on_28_November_1962 | State Of Haryana & Ors vs Manoj Kumar",1.3,"Laxmikant Revchand Bhojwani And Anr vs Pratapsing. Mohansingh Pardeshi ... on 18 September, 1995"
8,C8_S4.0,2,"Shri Janki Devi Bhagat Trust, Agra vs Ram Swarup Jain (Dead) By Lrs on 14 August, 1995",4e-06,"Shri Janki Devi Bhagat Trust, Agra vs Ram Swarup Jain (Dead) By Lrs on 14 August, 1995 | Samir Mukherjee vs Davinder K. Bajaj & Ors on 18 April, 2001",1.0,"Shri Janki Devi Bhagat Trust, Agra vs Ram Swarup Jain (Dead) By Lrs on 14 August, 1995"
8,C8_S7.0,2,"Rama Rao And Anr. vs Narayan And Anr. on 20 December, 1968",3.703e-05,"Rama Rao And Anr. vs Narayan And Anr. on 20 December, 1968 | Lalji_Haridas_vs_State_Of_Maharashtra_And_Another_on_7_February_1964",1.5,"Rama Rao And Anr. vs Narayan And Anr. on 20 December, 1968"
8,C8_S9.0,2,National_Textile_Corp_Ltd_vs_Nareshkumar_Badrikumar_Jagad_Ors_on_5_September_2011,3.94e-06,National_Textile_Corp_Ltd_vs_Nareshkumar_Badrikumar_Jagad_Ors_on_5_September_2011 | State_Of_Punjab_Ors_vs_Raja_Ram_Ors_on_29_January_1981,3.0,National_Textile_Corp_Ltd_vs_Nareshkumar_Badrikumar_Jagad_Ors_on_5_September_2011
8,C8_S15.0,2,Raja_Mohammad_Amir_Ahmad_Khan_vs_Municipal_Board_Of_Sitapur_And_Anr_on_3_December_1964,2.259e-05,"Raja_Mohammad_Amir_Ahmad_Khan_vs_Municipal_Board_Of_Sitapur_And_Anr_on_3_December_1964 | Keshar Bai vs Chhunulal on 7 January, 2014",1.5,Raja_Mohammad_Amir_Ahmad_Khan_vs_Municipal_Board_Of_Sitapur_And_Anr_on_3_December_1964
8,C8_S16.0,2,"Faqir Chand vs Shri Ram Rattan Bhanot on 30 January, 1973",2.04e-05,"Faqir Chand vs Shri Ram Rattan Bhanot on 30 January, 1973 | Shri Munshi Ram & Anr vs Union Of India & Ors on 10 August, 2000",1.5,"Faqir Chand vs Shri Ram Rattan Bhanot on 30 January, 1973"
8,C8_S19.0,2,Vasant_Pratap_Pandit_vs_Dr_Anant_Trimbak_Sabnis_on_12_April_1994,3.77e-06,Vasant_Pratap_Pandit_vs_Dr_Anant_Trimbak_Sabnis_on_12_April_1994 | Gaiv Dinshaw Irani & Ors vs Tehmtan Irani & Ors,0.5,Vasant_Pratap_Pandit_vs_Dr_Anant_Trimbak_Sabnis_on_12_April_1994
8,C8_S21.0,2,"Pankaj Bhargava And Anr vs Mohinder Nath And Anr on 11 December, 1990",4.04e-06,"Pankaj Bhargava And Anr vs Mohinder Nath And Anr on 11 December, 1990 | Mohan Singh vs Late Amer Singh Thr. The Lrs on 1 September, 1998",0.5,"Pankaj Bhargava And Anr vs Mohinder Nath And Anr on 11 December, 1990"
8,C8_S22.0,2,"Sankaranarayanan Potti (Dead) By L.Rs vs K. Sreedevi & Ors on 26 March, 1998",3.97e-06,"Sankaranarayanan Potti (Dead) By L.Rs vs K. Sreedevi & Ors on 26 March, 1998 | Thomas Antony vs Varkey Varkey on 15 November, 1999",0.5,"Sankaranarayanan Potti (Dead) By L.Rs vs K. Sreedevi & Ors on 26 March, 1998"
8,C8_S27.0,2,Shyamaraju_Hegde_vs_U_Venkatesha_Bhat_Ors_on_25_September_1987,3.74e-06,"Shyamaraju_Hegde_vs_U_Venkatesha_Bhat_Ors_on_25_September_1987 | Jetha Bai & Sons, Jew Town, Cochin, Etc. ... vs Sunderdas Rathenai, Etc. Etc on 4 February, 1988",1.0,Shyamaraju_Hegde_vs_U_Venkatesha_Bhat_Ors_on_25_September_1987
8,C8_S28.0,2,Mangilal_vs_Suganchand_Rathi_on_24_October_1963,5.02e-06,"Mangilal_vs_Suganchand_Rathi_on_24_October_1963 | Burmah Shell Oil Distributing Now Known ... vs Khaja Midhat Noor And Others on 3 May, 1988",1.0,Mangilal_vs_Suganchand_Rathi_on_24_October_1963
8,C8_S29.0,2,"Mumbai International Airport P.Ltd vs M/S Golden Chariot Airport & Anr on 22 September, 2010",4.13e-06,"Mumbai International Airport P.Ltd vs M/S Golden Chariot Airport & Anr on 22 September, 2010 | Orissa Industrial Infra.Dev. ... vs M/S Mesco Kalinga Steel Ltd. & Ors",2.0,"Mumbai International Airport P.Ltd vs M/S Golden Chariot Airport & Anr on 22 September, 2010"
